session_id,anonymous_participant_id,created_at,finished_at,session_status,is_pilot_data,grade,school_code,age_range,total_questions,final_profile_code,final_profile_name,predicted_profile_code,predicted_profile_name,confidence_score,model_used,recommendation_text,riasec_realista,riasec_investigativo,riasec_artistico,riasec_social,riasec_emprendedor,riasec_convencional,big_five_apertura,big_five_responsabilidad,big_five_extraversion,big_five_amabilidad,big_five_neuroticismo,incertidumbre_vocacional,presion_externa,tolerancia_dificultad,likert_answer_count,open_answer_count,likert_answers_json,open_answers_text,open_answers_json
"76b0d1d0-9c22-4410-bfc3-60d04ea802c2","P001","""2026-05-25T08:18:39.763Z""","""2026-05-25T08:22:49.983Z""","COMPLETED","true",,,,"26","negocios-gestion","Negocios, Gestión y Emprendimiento","negocios-gestion","Negocios, Gestión y Emprendimiento","35","rules-riasec-big-five-v1","Perfil asociado a liderazgo, ventas, administración, estrategia, negociación y creación de proyectos.","5","3","1","3","4.5","4","4","3.33","3.5","3","5","5","2.5","3","26","0","[{""value"": 5, ""dimension"": ""realista"", ""answered_at"": ""2026-05-25T03:18:39.774"", ""question_id"": 1, ""question_order"": 1}, {""value"": 4, ""dimension"": ""investigativo"", ""answered_at"": ""2026-05-25T03:18:48.279"", ""question_id"": 2, ""question_order"": 2}, {""value"": 1, ""dimension"": ""artistico"", ""answered_at"": ""2026-05-25T03:18:52.825"", ""question_id"": 3, ""question_order"": 3}, {""value"": 3, ""dimension"": ""social"", ""answered_at"": ""2026-05-25T03:18:59.746"", ""question_id"": 4, ""question_order"": 4}, {""value"": 4, ""dimension"": ""emprendedor"", ""answered_at"": ""2026-05-25T03:19:07.715"", ""question_id"": 5, ""question_order"": 5}, {""value"": 4, ""dimension"": ""convencional"", ""answered_at"": ""2026-05-25T03:19:24.999"", ""question_id"": 6, ""question_order"": 6}, {""value"": 4, ""dimension"": ""apertura"", ""answered_at"": ""2026-05-25T03:19:49.685"", ""question_id"": 7, ""question_order"": 7}, {""value"": 3, ""dimension"": ""responsabilidad"", ""answered_at"": ""2026-05-25T03:20:19.392"", ""question_id"": 8, ""question_order"": 8}, {""value"": 4, ""dimension"": ""extraversion"", ""answered_at"": ""2026-05-25T03:20:37.61"", ""question_id"": 9, ""question_order"": 9}, {""value"": 3, ""dimension"": ""amabilidad"", ""answered_at"": ""2026-05-25T03:20:47.61"", ""question_id"": 10, ""question_order"": 10}, {""value"": 5, ""dimension"": ""neuroticismo"", ""answered_at"": ""2026-05-25T03:20:52.004"", ""question_id"": 11, ""question_order"": 11}, {""value"": 5, ""dimension"": ""incertidumbre"", ""answered_at"": ""2026-05-25T03:21:02.306"", ""question_id"": 12, ""question_order"": 12}, {""value"": 1, ""dimension"": ""presion"", ""answered_at"": ""2026-05-25T03:21:07.702"", ""question_id"": 13, ""question_order"": 13}, {""value"": 4, ""dimension"": ""tolerancia"", ""answered_at"": ""2026-05-25T03:21:13.698"", ""question_id"": 14, ""question_order"": 14}, {""value"": 5, ""dimension"": ""neuroticismo"", ""answered_at"": ""2026-05-25T03:21:25.877"", ""question_id"": 25, ""question_order"": 15}, {""value"": 2, ""dimension"": ""tolerancia"", ""answered_at"": ""2026-05-25T03:21:33.231"", ""question_id"": 27, ""question_order"": 16}, {""value"": 2, ""dimension"": ""investigativo"", ""answered_at"": ""2026-05-25T03:21:56.458"", ""question_id"": 16, ""question_order"": 17}, {""value"": 5, ""dimension"": ""incertidumbre"", ""answered_at"": ""2026-05-25T03:22:01.225"", ""question_id"": 28, ""question_order"": 18}, {""value"": 5, ""dimension"": ""emprendedor"", ""answered_at"": ""2026-05-25T03:22:04.704"", ""question_id"": 19, ""question_order"": 19}, {""value"": 3, ""dimension"": ""extraversion"", ""answered_at"": ""2026-05-25T03:22:10.576"", ""question_id"": 23, ""question_order"": 20}, {""value"": 4, ""dimension"": ""presion"", ""answered_at"": ""2026-05-25T03:22:16.402"", ""question_id"": 29, ""question_order"": 21}, {""value"": 4, ""dimension"": ""convencional"", ""answered_at"": ""2026-05-25T03:22:23.063"", ""question_id"": 20, ""question_order"": 22}, {""value"": 5, ""dimension"": ""responsabilidad"", ""answered_at"": ""2026-05-25T03:22:28.712"", ""question_id"": 22, ""question_order"": 23}, {""value"": 2, ""dimension"": ""responsabilidad"", ""answered_at"": ""2026-05-25T03:22:32.816"", ""question_id"": 30, ""question_order"": 24}, {""value"": 4, ""dimension"": ""apertura"", ""answered_at"": ""2026-05-25T03:22:38.734"", ""question_id"": 21, ""question_order"": 25}, {""value"": 3, ""dimension"": ""social"", ""answered_at"": ""2026-05-25T03:22:49.927"", ""question_id"": 18, ""question_order"": 26}]",,
"61be8bfb-032e-42c8-aa61-f5abde142147","P002","""2026-05-25T08:37:00.867Z""","""2026-05-25T08:48:50.555Z""","COMPLETED","true",,,,"28","salud-apoyo-humano","Salud, Psicología y Apoyo Humano","salud-apoyo-humano","Salud, Psicología y Apoyo Humano","35","rules-riasec-big-five-v1","Perfil vinculado al cuidado, bienestar, acompañamiento, intervención y comprensión de necesidades humanas.","2","4","4","5","4","4","4.5","4","3.5","4","4","4","3.5","4.5","26","2","[{""value"": 2, ""dimension"": ""realista"", ""answered_at"": ""2026-05-25T03:37:00.877"", ""question_id"": 1, ""question_order"": 1}, {""value"": 4, ""dimension"": ""investigativo"", ""answered_at"": ""2026-05-25T03:37:20.287"", ""question_id"": 2, ""question_order"": 2}, {""value"": 4, ""dimension"": ""artistico"", ""answered_at"": ""2026-05-25T03:37:47.084"", ""question_id"": 3, ""question_order"": 3}, {""value"": 5, ""dimension"": ""social"", ""answered_at"": ""2026-05-25T03:38:03.268"", ""question_id"": 4, ""question_order"": 4}, {""value"": 4, ""dimension"": ""emprendedor"", ""answered_at"": ""2026-05-25T03:38:17.19"", ""question_id"": 5, ""question_order"": 5}, {""value"": 4, ""dimension"": ""convencional"", ""answered_at"": ""2026-05-25T03:38:25.021"", ""question_id"": 6, ""question_order"": 6}, {""value"": 5, ""dimension"": ""apertura"", ""answered_at"": ""2026-05-25T03:38:30.239"", ""question_id"": 7, ""question_order"": 7}, {""value"": 4, ""dimension"": ""responsabilidad"", ""answered_at"": ""2026-05-25T03:38:36.416"", ""question_id"": 8, ""question_order"": 8}, {""value"": 3, ""dimension"": ""extraversion"", ""answered_at"": ""2026-05-25T03:38:42.855"", ""question_id"": 9, ""question_order"": 9}, {""value"": 4, ""dimension"": ""amabilidad"", ""answered_at"": ""2026-05-25T03:40:21.69"", ""question_id"": 10, ""question_order"": 10}, {""value"": 3, ""dimension"": ""neuroticismo"", ""answered_at"": ""2026-05-25T03:40:30.815"", ""question_id"": 11, ""question_order"": 11}, {""value"": 4, ""dimension"": ""incertidumbre"", ""answered_at"": ""2026-05-25T03:40:46.208"", ""question_id"": 12, ""question_order"": 12}, {""value"": 3, ""dimension"": ""presion"", ""answered_at"": ""2026-05-25T03:40:52.127"", ""question_id"": 13, ""question_order"": 13}, {""value"": 5, ""dimension"": ""tolerancia"", ""answered_at"": ""2026-05-25T03:41:00.036"", ""question_id"": 14, ""question_order"": 14}, {""value"": 4, ""dimension"": ""apertura"", ""answered_at"": ""2026-05-25T03:45:03.889"", ""question_id"": 21, ""question_order"": 17}, {""value"": 4, ""dimension"": ""responsabilidad"", ""answered_at"": ""2026-05-25T03:45:20.114"", ""question_id"": 22, ""question_order"": 18}, {""value"": 4, ""dimension"": ""investigativo"", ""answered_at"": ""2026-05-25T03:45:30.199"", ""question_id"": 16, ""question_order"": 19}, {""value"": 4, ""dimension"": ""tolerancia"", ""answered_at"": ""2026-05-25T03:45:40.08"", ""question_id"": 27, ""question_order"": 20}, {""value"": 4, ""dimension"": ""responsabilidad"", ""answered_at"": ""2026-05-25T03:46:31.951"", ""question_id"": 30, ""question_order"": 21}, {""value"": 4, ""dimension"": ""incertidumbre"", ""answered_at"": ""2026-05-25T03:47:50.687"", ""question_id"": 28, ""question_order"": 22}, {""value"": 5, ""dimension"": ""social"", ""answered_at"": ""2026-05-25T03:48:18.835"", ""question_id"": 18, ""question_order"": 23}, {""value"": 4, ""dimension"": ""amabilidad"", ""answered_at"": ""2026-05-25T03:48:23.037"", ""question_id"": 24, ""question_order"": 24}, {""value"": 5, ""dimension"": ""neuroticismo"", ""answered_at"": ""2026-05-25T03:48:30.287"", ""question_id"": 25, ""question_order"": 25}, {""value"": 4, ""dimension"": ""presion"", ""answered_at"": ""2026-05-25T03:48:36.882"", ""question_id"": 29, ""question_order"": 26}, {""value"": 4, ""dimension"": ""emprendedor"", ""answered_at"": ""2026-05-25T03:48:40.126"", ""question_id"": 19, ""question_order"": 27}, {""value"": 4, ""dimension"": ""extraversion"", ""answered_at"": ""2026-05-25T03:48:50.499"", ""question_id"": 23, ""question_order"": 28}]","Opción guiada: Revisar información, buscar patrones y explicar por qué ocurre algo | Opción guiada: Diseñar la forma, distribución visual, espacio o composición de algo","[{""trigger"": ""contrast"", ""answer_text"": ""Opción guiada: Revisar información, buscar patrones y explicar por qué ocurre algo"", ""answered_at"": ""2026-05-25T03:44:33.702"", ""question_id"": 201, ""answer_order"": 15}, {""trigger"": ""contrast"", ""answer_text"": ""Opción guiada: Diseñar la forma, distribución visual, espacio o composición de algo"", ""answered_at"": ""2026-05-25T03:44:55.36"", ""question_id"": 202, ""answer_order"": 16}]"
"c2b7ad1e-dfba-4d33-832a-3f474b66f7e9","P003","""2026-05-25T08:48:52.763Z""",,"IN_PROGRESS","true",,,,"7",,,,,,,,"4","4","4","5","4","4","4",,,,,,,,"7","0","[{""value"": 4, ""dimension"": ""realista"", ""answered_at"": ""2026-05-25T03:48:52.768"", ""question_id"": 1, ""question_order"": 1}, {""value"": 4, ""dimension"": ""investigativo"", ""answered_at"": ""2026-05-25T03:51:23.351"", ""question_id"": 2, ""question_order"": 2}, {""value"": 4, ""dimension"": ""artistico"", ""answered_at"": ""2026-05-25T03:51:34.969"", ""question_id"": 3, ""question_order"": 3}, {""value"": 5, ""dimension"": ""social"", ""answered_at"": ""2026-05-25T03:51:45.736"", ""question_id"": 4, ""question_order"": 4}, {""value"": 4, ""dimension"": ""emprendedor"", ""answered_at"": ""2026-05-25T03:51:58.624"", ""question_id"": 5, ""question_order"": 5}, {""value"": 4, ""dimension"": ""convencional"", ""answered_at"": ""2026-05-25T03:52:11.937"", ""question_id"": 6, ""question_order"": 6}, {""value"": 4, ""dimension"": ""apertura"", ""answered_at"": ""2026-05-25T03:52:27.344"", ""question_id"": 7, ""question_order"": 7}]",,
"32665bc3-9dd2-48e5-a34a-91e36c41c4f5","P004","""2026-05-25T08:49:15.100Z""","""2026-05-25T08:55:13.668Z""","COMPLETED","true",,,,"26","negocios-gestion","Negocios, Gestión y Emprendimiento","negocios-gestion","Negocios, Gestión y Emprendimiento","35","rules-riasec-big-five-v1","Perfil asociado a liderazgo, ventas, administración, estrategia, negociación y creación de proyectos.","5","3","4","4","4","4.5","5","4","3.5","3","4.5","4","4.5","4","26","0","[{""value"": 5, ""dimension"": ""realista"", ""answered_at"": ""2026-05-25T03:49:15.103"", ""question_id"": 1, ""question_order"": 1}, {""value"": 3, ""dimension"": ""investigativo"", ""answered_at"": ""2026-05-25T03:49:41.194"", ""question_id"": 2, ""question_order"": 2}, {""value"": 4, ""dimension"": ""artistico"", ""answered_at"": ""2026-05-25T03:49:47.83"", ""question_id"": 3, ""question_order"": 3}, {""value"": 3, ""dimension"": ""social"", ""answered_at"": ""2026-05-25T03:50:01.263"", ""question_id"": 4, ""question_order"": 4}, {""value"": 4, ""dimension"": ""emprendedor"", ""answered_at"": ""2026-05-25T03:50:09.031"", ""question_id"": 5, ""question_order"": 5}, {""value"": 5, ""dimension"": ""convencional"", ""answered_at"": ""2026-05-25T03:50:13.956"", ""question_id"": 6, ""question_order"": 6}, {""value"": 5, ""dimension"": ""apertura"", ""answered_at"": ""2026-05-25T03:50:18.692"", ""question_id"": 7, ""question_order"": 7}, {""value"": 4, ""dimension"": ""responsabilidad"", ""answered_at"": ""2026-05-25T03:50:29.354"", ""question_id"": 8, ""question_order"": 8}, {""value"": 3, ""dimension"": ""extraversion"", ""answered_at"": ""2026-05-25T03:50:48.108"", ""question_id"": 9, ""question_order"": 9}, {""value"": 3, ""dimension"": ""amabilidad"", ""answered_at"": ""2026-05-25T03:51:24.528"", ""question_id"": 10, ""question_order"": 10}, {""value"": 4, ""dimension"": ""neuroticismo"", ""answered_at"": ""2026-05-25T03:51:41.868"", ""question_id"": 11, ""question_order"": 11}, {""value"": 5, ""dimension"": ""incertidumbre"", ""answered_at"": ""2026-05-25T03:52:20.09"", ""question_id"": 12, ""question_order"": 12}, {""value"": 4, ""dimension"": ""presion"", ""answered_at"": ""2026-05-25T03:52:40.896"", ""question_id"": 13, ""question_order"": 13}, {""value"": 3, ""dimension"": ""tolerancia"", ""answered_at"": ""2026-05-25T03:52:53.283"", ""question_id"": 14, ""question_order"": 14}, {""value"": 5, ""dimension"": ""neuroticismo"", ""answered_at"": ""2026-05-25T03:53:16.748"", ""question_id"": 25, ""question_order"": 15}, {""value"": 3, ""dimension"": ""incertidumbre"", ""answered_at"": ""2026-05-25T03:53:25.212"", ""question_id"": 28, ""question_order"": 16}, {""value"": 5, ""dimension"": ""presion"", ""answered_at"": ""2026-05-25T03:53:58.859"", ""question_id"": 29, ""question_order"": 17}, {""value"": 5, ""dimension"": ""tolerancia"", ""answered_at"": ""2026-05-25T03:54:06.295"", ""question_id"": 27, ""question_order"": 18}, {""value"": 5, ""dimension"": ""responsabilidad"", ""answered_at"": ""2026-05-25T03:54:09.432"", ""question_id"": 22, ""question_order"": 19}, {""value"": 5, ""dimension"": ""apertura"", ""answered_at"": ""2026-05-25T03:54:16.489"", ""question_id"": 21, ""question_order"": 20}, {""value"": 3, ""dimension"": ""responsabilidad"", ""answered_at"": ""2026-05-25T03:54:24.463"", ""question_id"": 30, ""question_order"": 21}, {""value"": 4, ""dimension"": ""emprendedor"", ""answered_at"": ""2026-05-25T03:54:30.141"", ""question_id"": 19, ""question_order"": 22}, {""value"": 5, ""dimension"": ""realista"", ""answered_at"": ""2026-05-25T03:54:37.007"", ""question_id"": 15, ""question_order"": 23}, {""value"": 4, ""dimension"": ""convencional"", ""answered_at"": ""2026-05-25T03:54:51.933"", ""question_id"": 20, ""question_order"": 24}, {""value"": 5, ""dimension"": ""social"", ""answered_at"": ""2026-05-25T03:55:03.076"", ""question_id"": 18, ""question_order"": 25}, {""value"": 4, ""dimension"": ""extraversion"", ""answered_at"": ""2026-05-25T03:55:13.631"", ""question_id"": 23, ""question_order"": 26}]",,
"cd78e7cf-1892-402a-aee0-0dbee4c83756","P005","""2026-05-25T08:54:13.583Z""","""2026-05-25T09:07:18.925Z""","COMPLETED","true",,,,"26","ingenieria-tecnologia","Ingeniería, Tecnología y Sistemas","ingenieria-tecnologia","Ingeniería, Tecnología y Sistemas","35","rules-riasec-big-five-v1","Perfil asociado a resolver problemas técnicos, construir soluciones, analizar sistemas y aprender mediante experimentación práctica.","4","4","4","4.5","4.5","4","4.5","4","4","4","3","2","4","4.5","26","0","[{""value"": 4, ""dimension"": ""realista"", ""answered_at"": ""2026-05-25T03:54:13.588"", ""question_id"": 1, ""question_order"": 1}, {""value"": 4, ""dimension"": ""investigativo"", ""answered_at"": ""2026-05-25T03:54:21.234"", ""question_id"": 2, ""question_order"": 2}, {""value"": 4, ""dimension"": ""artistico"", ""answered_at"": ""2026-05-25T03:54:26.421"", ""question_id"": 3, ""question_order"": 3}, {""value"": 5, ""dimension"": ""social"", ""answered_at"": ""2026-05-25T03:54:32.816"", ""question_id"": 4, ""question_order"": 4}, {""value"": 4, ""dimension"": ""emprendedor"", ""answered_at"": ""2026-05-25T03:54:37.791"", ""question_id"": 5, ""question_order"": 5}, {""value"": 4, ""dimension"": ""convencional"", ""answered_at"": ""2026-05-25T03:54:41.748"", ""question_id"": 6, ""question_order"": 6}, {""value"": 4, ""dimension"": ""apertura"", ""answered_at"": ""2026-05-25T03:54:44.435"", ""question_id"": 7, ""question_order"": 7}, {""value"": 4, ""dimension"": ""responsabilidad"", ""answered_at"": ""2026-05-25T03:54:53.58"", ""question_id"": 8, ""question_order"": 8}, {""value"": 4, ""dimension"": ""extraversion"", ""answered_at"": ""2026-05-25T03:55:04.997"", ""question_id"": 9, ""question_order"": 9}, {""value"": 4, ""dimension"": ""amabilidad"", ""answered_at"": ""2026-05-25T03:55:16.708"", ""question_id"": 10, ""question_order"": 10}, {""value"": 2, ""dimension"": ""neuroticismo"", ""answered_at"": ""2026-05-25T03:57:16.292"", ""question_id"": 11, ""question_order"": 11}, {""value"": 2, ""dimension"": ""incertidumbre"", ""answered_at"": ""2026-05-25T03:57:29.507"", ""question_id"": 12, ""question_order"": 12}, {""value"": 4, ""dimension"": ""presion"", ""answered_at"": ""2026-05-25T03:58:58.225"", ""question_id"": 13, ""question_order"": 13}, {""value"": 5, ""dimension"": ""tolerancia"", ""answered_at"": ""2026-05-25T03:59:12.364"", ""question_id"": 14, ""question_order"": 14}, {""value"": 4, ""dimension"": ""social"", ""answered_at"": ""2026-05-25T03:59:47.077"", ""question_id"": 18, ""question_order"": 15}, {""value"": 4, ""dimension"": ""extraversion"", ""answered_at"": ""2026-05-25T04:00:07.188"", ""question_id"": 23, ""question_order"": 16}, {""value"": 4, ""dimension"": ""amabilidad"", ""answered_at"": ""2026-05-25T04:00:30.274"", ""question_id"": 24, ""question_order"": 17}, {""value"": 4, ""dimension"": ""tolerancia"", ""answered_at"": ""2026-05-25T04:01:36.562"", ""question_id"": 27, ""question_order"": 18}, {""value"": 4, ""dimension"": ""investigativo"", ""answered_at"": ""2026-05-25T04:02:02"", ""question_id"": 16, ""question_order"": 19}, {""value"": 4, ""dimension"": ""responsabilidad"", ""answered_at"": ""2026-05-25T04:02:13.073"", ""question_id"": 22, ""question_order"": 20}, {""value"": 4, ""dimension"": ""responsabilidad"", ""answered_at"": ""2026-05-25T04:02:26.799"", ""question_id"": 30, ""question_order"": 21}, {""value"": 5, ""dimension"": ""apertura"", ""answered_at"": ""2026-05-25T04:02:39.572"", ""question_id"": 21, ""question_order"": 22}, {""value"": 4, ""dimension"": ""presion"", ""answered_at"": ""2026-05-25T04:04:54.635"", ""question_id"": 29, ""question_order"": 23}, {""value"": 5, ""dimension"": ""emprendedor"", ""answered_at"": ""2026-05-25T04:05:03.344"", ""question_id"": 19, ""question_order"": 24}, {""value"": 4, ""dimension"": ""neuroticismo"", ""answered_at"": ""2026-05-25T04:05:15.894"", ""question_id"": 25, ""question_order"": 25}, {""value"": 2, ""dimension"": ""incertidumbre"", ""answered_at"": ""2026-05-25T04:07:18.896"", ""question_id"": 28, ""question_order"": 26}]",,
"1c4c709e-6bce-4e2a-ba3b-74a0f10ecb7f","P006","""2026-05-25T09:03:21.269Z""","""2026-05-25T09:10:30.502Z""","COMPLETED","true",,,,"26","ingenieria-tecnologia","Ingeniería, Tecnología y Sistemas","ingenieria-tecnologia","Ingeniería, Tecnología y Sistemas","35","rules-riasec-big-five-v1","Perfil asociado a resolver problemas técnicos, construir soluciones, analizar sistemas y aprender mediante experimentación práctica.","4","4","5","4","4","4","4","4.33","4.5","4.5","4.5","1","1.5","4.5","26","0","[{""value"": 4, ""dimension"": ""realista"", ""answered_at"": ""2026-05-25T04:03:21.275"", ""question_id"": 1, ""question_order"": 1}, {""value"": 4, ""dimension"": ""investigativo"", ""answered_at"": ""2026-05-25T04:03:37.026"", ""question_id"": 2, ""question_order"": 2}, {""value"": 5, ""dimension"": ""artistico"", ""answered_at"": ""2026-05-25T04:03:47.395"", ""question_id"": 3, ""question_order"": 3}, {""value"": 4, ""dimension"": ""social"", ""answered_at"": ""2026-05-25T04:04:05.595"", ""question_id"": 4, ""question_order"": 4}, {""value"": 4, ""dimension"": ""emprendedor"", ""answered_at"": ""2026-05-25T04:04:15.952"", ""question_id"": 5, ""question_order"": 5}, {""value"": 4, ""dimension"": ""convencional"", ""answered_at"": ""2026-05-25T04:04:23.093"", ""question_id"": 6, ""question_order"": 6}, {""value"": 4, ""dimension"": ""apertura"", ""answered_at"": ""2026-05-25T04:04:30.427"", ""question_id"": 7, ""question_order"": 7}, {""value"": 5, ""dimension"": ""responsabilidad"", ""answered_at"": ""2026-05-25T04:04:37.585"", ""question_id"": 8, ""question_order"": 8}, {""value"": 5, ""dimension"": ""extraversion"", ""answered_at"": ""2026-05-25T04:04:45.105"", ""question_id"": 9, ""question_order"": 9}, {""value"": 5, ""dimension"": ""amabilidad"", ""answered_at"": ""2026-05-25T04:04:53.11"", ""question_id"": 10, ""question_order"": 10}, {""value"": 5, ""dimension"": ""neuroticismo"", ""answered_at"": ""2026-05-25T04:05:04.288"", ""question_id"": 11, ""question_order"": 11}, {""value"": 1, ""dimension"": ""incertidumbre"", ""answered_at"": ""2026-05-25T04:05:28.558"", ""question_id"": 12, ""question_order"": 12}, {""value"": 1, ""dimension"": ""presion"", ""answered_at"": ""2026-05-25T04:05:41.185"", ""question_id"": 13, ""question_order"": 13}, {""value"": 5, ""dimension"": ""tolerancia"", ""answered_at"": ""2026-05-25T04:05:52.385"", ""question_id"": 14, ""question_order"": 14}, {""value"": 4, ""dimension"": ""apertura"", ""answered_at"": ""2026-05-25T04:06:15.809"", ""question_id"": 21, ""question_order"": 15}, {""value"": 4, ""dimension"": ""responsabilidad"", ""answered_at"": ""2026-05-25T04:06:24.288"", ""question_id"": 22, ""question_order"": 16}, {""value"": 4, ""dimension"": ""investigativo"", ""answered_at"": ""2026-05-25T04:06:31.419"", ""question_id"": 16, ""question_order"": 17}, {""value"": 4, ""dimension"": ""social"", ""answered_at"": ""2026-05-25T04:06:37.12"", ""question_id"": 18, ""question_order"": 18}, {""value"": 4, ""dimension"": ""extraversion"", ""answered_at"": ""2026-05-25T04:06:45.44"", ""question_id"": 23, ""question_order"": 19}, {""value"": 4, ""dimension"": ""tolerancia"", ""answered_at"": ""2026-05-25T04:06:56.623"", ""question_id"": 27, ""question_order"": 20}, {""value"": 4, ""dimension"": ""responsabilidad"", ""answered_at"": ""2026-05-25T04:07:05.601"", ""question_id"": 30, ""question_order"": 21}, {""value"": 4, ""dimension"": ""amabilidad"", ""answered_at"": ""2026-05-25T04:07:13.151"", ""question_id"": 24, ""question_order"": 22}, {""value"": 4, ""dimension"": ""emprendedor"", ""answered_at"": ""2026-05-25T04:07:20.785"", ""question_id"": 19, ""question_order"": 23}, {""value"": 4, ""dimension"": ""neuroticismo"", ""answered_at"": ""2026-05-25T04:07:29.92"", ""question_id"": 25, ""question_order"": 24}, {""value"": 1, ""dimension"": ""incertidumbre"", ""answered_at"": ""2026-05-25T04:07:49.42"", ""question_id"": 28, ""question_order"": 25}, {""value"": 2, ""dimension"": ""presion"", ""answered_at"": ""2026-05-25T04:08:01.626"", ""question_id"": 29, ""question_order"": 26}]",,
"7dbbb3f3-ade1-47f5-912e-09b5c304a34f","P007","""2026-05-25T09:06:45.297Z""",,"IN_PROGRESS","true",,,,"3",,,,,,,,"4","3","4",,,,,,,,,,,,"3","0","[{""value"": 4, ""dimension"": ""realista"", ""answered_at"": ""2026-05-25T04:06:45.3"", ""question_id"": 1, ""question_order"": 1}, {""value"": 3, ""dimension"": ""investigativo"", ""answered_at"": ""2026-05-25T04:07:07.42"", ""question_id"": 2, ""question_order"": 2}, {""value"": 4, ""dimension"": ""artistico"", ""answered_at"": ""2026-05-25T04:07:17.205"", ""question_id"": 3, ""question_order"": 3}]",,
"a73d80fd-f362-4d7b-96ee-f701266bc6d4","P008","""2026-05-25T09:30:36.352Z""","""2026-05-25T09:37:44.642Z""","COMPLETED","true",,,,"28","ingenieria-tecnologia","Ingeniería, Tecnología y Sistemas","ingenieria-tecnologia","Ingeniería, Tecnología y Sistemas","35","rules-riasec-big-five-v1","Perfil asociado a resolver problemas técnicos, construir soluciones, analizar sistemas y aprender mediante experimentación práctica.","4.5","4","5","5","4","3","4","3","3","4.5","5","5","4.5","3.5","26","2","[{""value"": 5, ""dimension"": ""realista"", ""answered_at"": ""2026-05-25T04:30:36.366"", ""question_id"": 1, ""question_order"": 1}, {""value"": 4, ""dimension"": ""investigativo"", ""answered_at"": ""2026-05-25T04:30:51.275"", ""question_id"": 2, ""question_order"": 2}, {""value"": 5, ""dimension"": ""artistico"", ""answered_at"": ""2026-05-25T04:31:19.185"", ""question_id"": 3, ""question_order"": 3}, {""value"": 5, ""dimension"": ""social"", ""answered_at"": ""2026-05-25T04:31:28.681"", ""question_id"": 4, ""question_order"": 4}, {""value"": 4, ""dimension"": ""emprendedor"", ""answered_at"": ""2026-05-25T04:31:40.861"", ""question_id"": 5, ""question_order"": 5}, {""value"": 3, ""dimension"": ""convencional"", ""answered_at"": ""2026-05-25T04:31:50.777"", ""question_id"": 6, ""question_order"": 6}, {""value"": 5, ""dimension"": ""apertura"", ""answered_at"": ""2026-05-25T04:32:14.176"", ""question_id"": 7, ""question_order"": 7}, {""value"": 3, ""dimension"": ""responsabilidad"", ""answered_at"": ""2026-05-25T04:32:35.349"", ""question_id"": 8, ""question_order"": 8}, {""value"": 4, ""dimension"": ""extraversion"", ""answered_at"": ""2026-05-25T04:32:50.396"", ""question_id"": 9, ""question_order"": 9}, {""value"": 5, ""dimension"": ""amabilidad"", ""answered_at"": ""2026-05-25T04:32:59.842"", ""question_id"": 10, ""question_order"": 10}, {""value"": 5, ""dimension"": ""neuroticismo"", ""answered_at"": ""2026-05-25T04:33:05.584"", ""question_id"": 11, ""question_order"": 11}, {""value"": 5, ""dimension"": ""incertidumbre"", ""answered_at"": ""2026-05-25T04:33:15.21"", ""question_id"": 12, ""question_order"": 12}, {""value"": 5, ""dimension"": ""presion"", ""answered_at"": ""2026-05-25T04:33:21.224"", ""question_id"": 13, ""question_order"": 13}, {""value"": 4, ""dimension"": ""tolerancia"", ""answered_at"": ""2026-05-25T04:33:34.914"", ""question_id"": 14, ""question_order"": 14}, {""value"": 5, ""dimension"": ""neuroticismo"", ""answered_at"": ""2026-05-25T04:33:49.972"", ""question_id"": 25, ""question_order"": 15}, {""value"": 3, ""dimension"": ""tolerancia"", ""answered_at"": ""2026-05-25T04:34:34.039"", ""question_id"": 27, ""question_order"": 16}, {""value"": 4, ""dimension"": ""investigativo"", ""answered_at"": ""2026-05-25T04:34:40.653"", ""question_id"": 16, ""question_order"": 17}, {""value"": 5, ""dimension"": ""incertidumbre"", ""answered_at"": ""2026-05-25T04:34:52.547"", ""question_id"": 28, ""question_order"": 18}, {""value"": 4, ""dimension"": ""presion"", ""answered_at"": ""2026-05-25T04:35:02.007"", ""question_id"": 29, ""question_order"": 19}, {""value"": 5, ""dimension"": ""social"", ""answered_at"": ""2026-05-25T04:35:11.609"", ""question_id"": 18, ""question_order"": 20}, {""value"": 2, ""dimension"": ""extraversion"", ""answered_at"": ""2026-05-25T04:35:20.653"", ""question_id"": 23, ""question_order"": 21}, {""value"": 3, ""dimension"": ""apertura"", ""answered_at"": ""2026-05-25T04:35:32.45"", ""question_id"": 21, ""question_order"": 22}, {""value"": 4, ""dimension"": ""amabilidad"", ""answered_at"": ""2026-05-25T04:35:42.262"", ""question_id"": 24, ""question_order"": 23}, {""value"": 4, ""dimension"": ""emprendedor"", ""answered_at"": ""2026-05-25T04:36:03.826"", ""question_id"": 19, ""question_order"": 24}, {""value"": 4, ""dimension"": ""realista"", ""answered_at"": ""2026-05-25T04:36:23.028"", ""question_id"": 15, ""question_order"": 25}, {""value"": 5, ""dimension"": ""artistico"", ""answered_at"": ""2026-05-25T04:37:44.58"", ""question_id"": 17, ""question_order"": 28}]","Opción guiada: Me atraen ambas formas de ayuda y tendría que probarlas | Detalle: Me interesan varias cosas | Opción guiada: Me atraen ambas, pero depende mucho del tipo de proyecto | Detalle: Me interesan varias cosas","[{""trigger"": ""contrast"", ""answer_text"": ""Opción guiada: Me atraen ambas formas de ayuda y tendría que probarlas | Detalle: Me interesan varias cosas"", ""answered_at"": ""2026-05-25T04:36:57.09"", ""question_id"": 203, ""answer_order"": 26}, {""trigger"": ""contrast"", ""answer_text"": ""Opción guiada: Me atraen ambas, pero depende mucho del tipo de proyecto | Detalle: Me interesan varias cosas"", ""answered_at"": ""2026-05-25T04:37:32.694"", ""question_id"": 202, ""answer_order"": 27}]"
"400462e5-2cea-4a8c-b24a-46e69df08194","P009","""2026-05-25T10:54:05.955Z""",,"IN_PROGRESS","true",,,,"1",,,,,,,,"1",,,,,,,,,,,,,,"1","0","[{""value"": 1, ""dimension"": ""realista"", ""answered_at"": ""2026-05-25T05:54:05.969"", ""question_id"": 1, ""question_order"": 1}]",,
"b8c5e39c-ca60-46eb-8bf6-09918fbfb460","P010","""2026-05-25T10:57:52.707Z""",,"IN_PROGRESS","true",,,,"17",,,,,,,,"4","3","5","5","5","5","4","3","4","4","2","1","3","4","14","3","[{""value"": 4, ""dimension"": ""realista"", ""answered_at"": ""2026-05-25T05:57:52.712"", ""question_id"": 1, ""question_order"": 1}, {""value"": 3, ""dimension"": ""investigativo"", ""answered_at"": ""2026-05-25T05:58:42.158"", ""question_id"": 2, ""question_order"": 2}, {""value"": 5, ""dimension"": ""artistico"", ""answered_at"": ""2026-05-25T05:59:39.17"", ""question_id"": 3, ""question_order"": 3}, {""value"": 5, ""dimension"": ""social"", ""answered_at"": ""2026-05-25T06:00:12.777"", ""question_id"": 4, ""question_order"": 4}, {""value"": 5, ""dimension"": ""emprendedor"", ""answered_at"": ""2026-05-25T06:00:52.168"", ""question_id"": 5, ""question_order"": 5}, {""value"": 5, ""dimension"": ""convencional"", ""answered_at"": ""2026-05-25T06:01:35.654"", ""question_id"": 6, ""question_order"": 6}, {""value"": 4, ""dimension"": ""apertura"", ""answered_at"": ""2026-05-25T06:02:09.407"", ""question_id"": 7, ""question_order"": 7}, {""value"": 3, ""dimension"": ""responsabilidad"", ""answered_at"": ""2026-05-25T06:02:44.268"", ""question_id"": 8, ""question_order"": 8}, {""value"": 4, ""dimension"": ""extraversion"", ""answered_at"": ""2026-05-25T06:03:11.903"", ""question_id"": 9, ""question_order"": 9}, {""value"": 4, ""dimension"": ""amabilidad"", ""answered_at"": ""2026-05-25T06:03:26.135"", ""question_id"": 10, ""question_order"": 10}, {""value"": 2, ""dimension"": ""neuroticismo"", ""answered_at"": ""2026-05-25T06:03:47.813"", ""question_id"": 11, ""question_order"": 11}, {""value"": 1, ""dimension"": ""incertidumbre"", ""answered_at"": ""2026-05-25T06:04:20.925"", ""question_id"": 12, ""question_order"": 12}, {""value"": 3, ""dimension"": ""presion"", ""answered_at"": ""2026-05-25T06:04:53.35"", ""question_id"": 13, ""question_order"": 13}, {""value"": 4, ""dimension"": ""tolerancia"", ""answered_at"": ""2026-05-25T06:05:17.382"", ""question_id"": 14, ""question_order"": 14}]","Opción guiada: Me atraen ambas formas de ayuda y tendría que probarlas | Detalle: Me interesan varias cosas | Opción guiada: Me atraen ambas, pero depende mucho del tipo de proyecto | Detalle: Depende del contexto | Opción guiada: Coordinar al grupo, repartir tareas y ayudar a que todos avancen | Detalle: Nunca lo he explorado","[{""trigger"": ""contrast"", ""answer_text"": ""Opción guiada: Me atraen ambas formas de ayuda y tendría que probarlas | Detalle: Me interesan varias cosas"", ""answered_at"": ""2026-05-25T06:06:46.364"", ""question_id"": 203, ""answer_order"": 15}, {""trigger"": ""contrast"", ""answer_text"": ""Opción guiada: Me atraen ambas, pero depende mucho del tipo de proyecto | Detalle: Depende del contexto"", ""answered_at"": ""2026-05-25T06:08:24.306"", ""question_id"": 202, ""answer_order"": 16}, {""trigger"": ""contrast"", ""answer_text"": ""Opción guiada: Coordinar al grupo, repartir tareas y ayudar a que todos avancen | Detalle: Nunca lo he explorado"", ""answered_at"": ""2026-05-25T06:11:52.882"", ""question_id"": 204, ""answer_order"": 17}]"
"177e94a4-7a63-4c61-9180-938929bb3858","P011","""2026-05-25T11:13:10.334Z""","""2026-05-25T11:17:33.628Z""","COMPLETED","true",,,,"26","ingenieria-tecnologia","Ingeniería, Tecnología y Sistemas","ingenieria-tecnologia","Ingeniería, Tecnología y Sistemas","35","rules-riasec-big-five-v1","Perfil asociado a resolver problemas técnicos, construir soluciones, analizar sistemas y aprender mediante experimentación práctica.","5","5","5","5","5","5","5","5","5","5","5","4","3.5","5","26","0","[{""value"": 5, ""dimension"": ""realista"", ""answered_at"": ""2026-05-25T06:13:10.339"", ""question_id"": 1, ""question_order"": 1}, {""value"": 5, ""dimension"": ""investigativo"", ""answered_at"": ""2026-05-25T06:13:23.163"", ""question_id"": 2, ""question_order"": 2}, {""value"": 5, ""dimension"": ""artistico"", ""answered_at"": ""2026-05-25T06:13:31.196"", ""question_id"": 3, ""question_order"": 3}, {""value"": 5, ""dimension"": ""social"", ""answered_at"": ""2026-05-25T06:13:42.547"", ""question_id"": 4, ""question_order"": 4}, {""value"": 5, ""dimension"": ""emprendedor"", ""answered_at"": ""2026-05-25T06:13:53.8"", ""question_id"": 5, ""question_order"": 5}, {""value"": 5, ""dimension"": ""convencional"", ""answered_at"": ""2026-05-25T06:14:00.397"", ""question_id"": 6, ""question_order"": 6}, {""value"": 5, ""dimension"": ""apertura"", ""answered_at"": ""2026-05-25T06:14:07.306"", ""question_id"": 7, ""question_order"": 7}, {""value"": 5, ""dimension"": ""responsabilidad"", ""answered_at"": ""2026-05-25T06:14:24.402"", ""question_id"": 8, ""question_order"": 8}, {""value"": 5, ""dimension"": ""extraversion"", ""answered_at"": ""2026-05-25T06:14:32.814"", ""question_id"": 9, ""question_order"": 9}, {""value"": 5, ""dimension"": ""amabilidad"", ""answered_at"": ""2026-05-25T06:14:45.093"", ""question_id"": 10, ""question_order"": 10}, {""value"": 5, ""dimension"": ""neuroticismo"", ""answered_at"": ""2026-05-25T06:14:53.876"", ""question_id"": 11, ""question_order"": 11}, {""value"": 5, ""dimension"": ""incertidumbre"", ""answered_at"": ""2026-05-25T06:15:01.511"", ""question_id"": 12, ""question_order"": 12}, {""value"": 3, ""dimension"": ""presion"", ""answered_at"": ""2026-05-25T06:15:11.033"", ""question_id"": 13, ""question_order"": 13}, {""value"": 5, ""dimension"": ""tolerancia"", ""answered_at"": ""2026-05-25T06:15:17.494"", ""question_id"": 14, ""question_order"": 14}, {""value"": 5, ""dimension"": ""neuroticismo"", ""answered_at"": ""2026-05-25T06:15:38.126"", ""question_id"": 25, ""question_order"": 15}, {""value"": 5, ""dimension"": ""tolerancia"", ""answered_at"": ""2026-05-25T06:15:50.154"", ""question_id"": 27, ""question_order"": 16}, {""value"": 5, ""dimension"": ""investigativo"", ""answered_at"": ""2026-05-25T06:15:58.543"", ""question_id"": 16, ""question_order"": 17}, {""value"": 3, ""dimension"": ""incertidumbre"", ""answered_at"": ""2026-05-25T06:16:07.494"", ""question_id"": 28, ""question_order"": 18}, {""value"": 5, ""dimension"": ""responsabilidad"", ""answered_at"": ""2026-05-25T06:16:15.952"", ""question_id"": 22, ""question_order"": 19}, {""value"": 5, ""dimension"": ""responsabilidad"", ""answered_at"": ""2026-05-25T06:16:27.452"", ""question_id"": 30, ""question_order"": 20}, {""value"": 5, ""dimension"": ""apertura"", ""answered_at"": ""2026-05-25T06:16:36.173"", ""question_id"": 21, ""question_order"": 21}, {""value"": 5, ""dimension"": ""social"", ""answered_at"": ""2026-05-25T06:16:43.957"", ""question_id"": 18, ""question_order"": 22}, {""value"": 5, ""dimension"": ""extraversion"", ""answered_at"": ""2026-05-25T06:16:54.238"", ""question_id"": 23, ""question_order"": 23}, {""value"": 5, ""dimension"": ""amabilidad"", ""answered_at"": ""2026-05-25T06:17:13.026"", ""question_id"": 24, ""question_order"": 24}, {""value"": 5, ""dimension"": ""emprendedor"", ""answered_at"": ""2026-05-25T06:17:18.83"", ""question_id"": 19, ""question_order"": 25}, {""value"": 4, ""dimension"": ""presion"", ""answered_at"": ""2026-05-25T06:17:33.442"", ""question_id"": 29, ""question_order"": 26}]",,
"cf76e53f-e44f-4f11-a956-f5e06da01bef","P012","""2026-05-25T19:07:43.868Z""","""2026-05-25T19:12:04.058Z""","COMPLETED","true",,,,"26","ingenieria-tecnologia","Ingeniería, Tecnología y Sistemas","ingenieria-tecnologia","Ingeniería, Tecnología y Sistemas","35","rules-riasec-big-five-v1","Perfil asociado a resolver problemas técnicos, construir soluciones, analizar sistemas y aprender mediante experimentación práctica.","4","5","3","5","4.5","4","4.5","4.33","4","4.5","4","3.5","3","4","26","0","[{""value"": 4, ""dimension"": ""realista"", ""answered_at"": ""2026-05-25T14:07:43.883"", ""question_id"": 1, ""question_order"": 1}, {""value"": 5, ""dimension"": ""investigativo"", ""answered_at"": ""2026-05-25T14:07:54.168"", ""question_id"": 2, ""question_order"": 2}, {""value"": 3, ""dimension"": ""artistico"", ""answered_at"": ""2026-05-25T14:08:17.89"", ""question_id"": 3, ""question_order"": 3}, {""value"": 5, ""dimension"": ""social"", ""answered_at"": ""2026-05-25T14:08:25.532"", ""question_id"": 4, ""question_order"": 4}, {""value"": 4, ""dimension"": ""emprendedor"", ""answered_at"": ""2026-05-25T14:08:33.607"", ""question_id"": 5, ""question_order"": 5}, {""value"": 4, ""dimension"": ""convencional"", ""answered_at"": ""2026-05-25T14:08:45.069"", ""question_id"": 6, ""question_order"": 6}, {""value"": 4, ""dimension"": ""apertura"", ""answered_at"": ""2026-05-25T14:08:56.716"", ""question_id"": 7, ""question_order"": 7}, {""value"": 4, ""dimension"": ""responsabilidad"", ""answered_at"": ""2026-05-25T14:09:04.707"", ""question_id"": 8, ""question_order"": 8}, {""value"": 4, ""dimension"": ""extraversion"", ""answered_at"": ""2026-05-25T14:09:20.995"", ""question_id"": 9, ""question_order"": 9}, {""value"": 4, ""dimension"": ""amabilidad"", ""answered_at"": ""2026-05-25T14:09:28.144"", ""question_id"": 10, ""question_order"": 10}, {""value"": 5, ""dimension"": ""neuroticismo"", ""answered_at"": ""2026-05-25T14:09:35.83"", ""question_id"": 11, ""question_order"": 11}, {""value"": 4, ""dimension"": ""incertidumbre"", ""answered_at"": ""2026-05-25T14:09:40.917"", ""question_id"": 12, ""question_order"": 12}, {""value"": 4, ""dimension"": ""presion"", ""answered_at"": ""2026-05-25T14:09:49.722"", ""question_id"": 13, ""question_order"": 13}, {""value"": 4, ""dimension"": ""tolerancia"", ""answered_at"": ""2026-05-25T14:09:58.89"", ""question_id"": 14, ""question_order"": 14}, {""value"": 3, ""dimension"": ""neuroticismo"", ""answered_at"": ""2026-05-25T14:10:17.829"", ""question_id"": 25, ""question_order"": 15}, {""value"": 4, ""dimension"": ""tolerancia"", ""answered_at"": ""2026-05-25T14:10:27.905"", ""question_id"": 27, ""question_order"": 16}, {""value"": 5, ""dimension"": ""investigativo"", ""answered_at"": ""2026-05-25T14:10:37.61"", ""question_id"": 16, ""question_order"": 17}, {""value"": 3, ""dimension"": ""incertidumbre"", ""answered_at"": ""2026-05-25T14:10:47.751"", ""question_id"": 28, ""question_order"": 18}, {""value"": 2, ""dimension"": ""presion"", ""answered_at"": ""2026-05-25T14:10:59.536"", ""question_id"": 29, ""question_order"": 19}, {""value"": 4, ""dimension"": ""responsabilidad"", ""answered_at"": ""2026-05-25T14:11:09.136"", ""question_id"": 22, ""question_order"": 20}, {""value"": 5, ""dimension"": ""responsabilidad"", ""answered_at"": ""2026-05-25T14:11:15.599"", ""question_id"": 30, ""question_order"": 21}, {""value"": 5, ""dimension"": ""social"", ""answered_at"": ""2026-05-25T14:11:36.013"", ""question_id"": 18, ""question_order"": 22}, {""value"": 4, ""dimension"": ""extraversion"", ""answered_at"": ""2026-05-25T14:11:45.331"", ""question_id"": 23, ""question_order"": 23}, {""value"": 5, ""dimension"": ""amabilidad"", ""answered_at"": ""2026-05-25T14:11:51.931"", ""question_id"": 24, ""question_order"": 24}, {""value"": 5, ""dimension"": ""emprendedor"", ""answered_at"": ""2026-05-25T14:11:56.861"", ""question_id"": 19, ""question_order"": 25}, {""value"": 5, ""dimension"": ""apertura"", ""answered_at"": ""2026-05-25T14:12:04.026"", ""question_id"": 21, ""question_order"": 26}]",,
"48882656-f8eb-4102-84a8-f38ff14595b0","P013","""2026-05-25T21:33:06.350Z""",,"IN_PROGRESS","true",,,,"1",,,,,,,,"4",,,,,,,,,,,,,,"1","0","[{""value"": 4, ""dimension"": ""realista"", ""answered_at"": ""2026-05-25T16:33:06.366"", ""question_id"": 1, ""question_order"": 1}]",,
"b81dcab4-0e1d-4478-9756-795aba91172b","P014","""2026-05-25T21:33:07.212Z""",,"IN_PROGRESS","true",,,,"1",,,,,,,,"4",,,,,,,,,,,,,,"1","0","[{""value"": 4, ""dimension"": ""realista"", ""answered_at"": ""2026-05-25T16:33:07.216"", ""question_id"": 1, ""question_order"": 1}]",,
"60439e87-3566-4811-9a9a-9b86809d1b73","P015","""2026-05-25T21:33:07.734Z""","""2026-05-25T21:45:01.109Z""","COMPLETED","true",,,,"26","ingenieria-tecnologia","Ingeniería, Tecnología y Sistemas","ingenieria-tecnologia","Ingeniería, Tecnología y Sistemas","35","rules-riasec-big-five-v1","Perfil asociado a resolver problemas técnicos, construir soluciones, analizar sistemas y aprender mediante experimentación práctica.","4","4","4","4","4","4","4","3.67","4","3.5","3","1","3","4","26","0","[{""value"": 4, ""dimension"": ""realista"", ""answered_at"": ""2026-05-25T16:33:07.739"", ""question_id"": 1, ""question_order"": 1}, {""value"": 5, ""dimension"": ""investigativo"", ""answered_at"": ""2026-05-25T16:33:27.544"", ""question_id"": 2, ""question_order"": 2}, {""value"": 4, ""dimension"": ""artistico"", ""answered_at"": ""2026-05-25T16:33:40.074"", ""question_id"": 3, ""question_order"": 3}, {""value"": 4, ""dimension"": ""social"", ""answered_at"": ""2026-05-25T16:33:49.437"", ""question_id"": 4, ""question_order"": 4}, {""value"": 4, ""dimension"": ""emprendedor"", ""answered_at"": ""2026-05-25T16:34:05.28"", ""question_id"": 5, ""question_order"": 5}, {""value"": 4, ""dimension"": ""convencional"", ""answered_at"": ""2026-05-25T16:34:11.557"", ""question_id"": 6, ""question_order"": 6}, {""value"": 4, ""dimension"": ""apertura"", ""answered_at"": ""2026-05-25T16:34:29.633"", ""question_id"": 7, ""question_order"": 7}, {""value"": 4, ""dimension"": ""responsabilidad"", ""answered_at"": ""2026-05-25T16:34:46.733"", ""question_id"": 8, ""question_order"": 8}, {""value"": 4, ""dimension"": ""extraversion"", ""answered_at"": ""2026-05-25T16:35:10.082"", ""question_id"": 9, ""question_order"": 9}, {""value"": 4, ""dimension"": ""amabilidad"", ""answered_at"": ""2026-05-25T16:35:19.127"", ""question_id"": 10, ""question_order"": 10}, {""value"": 2, ""dimension"": ""neuroticismo"", ""answered_at"": ""2026-05-25T16:35:36.951"", ""question_id"": 11, ""question_order"": 11}, {""value"": 1, ""dimension"": ""incertidumbre"", ""answered_at"": ""2026-05-25T16:35:45.699"", ""question_id"": 12, ""question_order"": 12}, {""value"": 2, ""dimension"": ""presion"", ""answered_at"": ""2026-05-25T16:35:56.204"", ""question_id"": 13, ""question_order"": 13}, {""value"": 4, ""dimension"": ""tolerancia"", ""answered_at"": ""2026-05-25T16:36:08.219"", ""question_id"": 14, ""question_order"": 14}, {""value"": 3, ""dimension"": ""investigativo"", ""answered_at"": ""2026-05-25T16:42:50.887"", ""question_id"": 16, ""question_order"": 15}, {""value"": 4, ""dimension"": ""responsabilidad"", ""answered_at"": ""2026-05-25T16:42:58.878"", ""question_id"": 22, ""question_order"": 16}, {""value"": 4, ""dimension"": ""tolerancia"", ""answered_at"": ""2026-05-25T16:43:23.545"", ""question_id"": 27, ""question_order"": 17}, {""value"": 3, ""dimension"": ""responsabilidad"", ""answered_at"": ""2026-05-25T16:43:34.023"", ""question_id"": 30, ""question_order"": 18}, {""value"": 4, ""dimension"": ""social"", ""answered_at"": ""2026-05-25T16:43:41.411"", ""question_id"": 18, ""question_order"": 19}, {""value"": 4, ""dimension"": ""extraversion"", ""answered_at"": ""2026-05-25T16:43:54.315"", ""question_id"": 23, ""question_order"": 20}, {""value"": 3, ""dimension"": ""amabilidad"", ""answered_at"": ""2026-05-25T16:44:03.513"", ""question_id"": 24, ""question_order"": 21}, {""value"": 4, ""dimension"": ""apertura"", ""answered_at"": ""2026-05-25T16:44:12.801"", ""question_id"": 21, ""question_order"": 22}, {""value"": 4, ""dimension"": ""emprendedor"", ""answered_at"": ""2026-05-25T16:44:25.543"", ""question_id"": 19, ""question_order"": 23}, {""value"": 4, ""dimension"": ""neuroticismo"", ""answered_at"": ""2026-05-25T16:44:35.163"", ""question_id"": 25, ""question_order"": 24}, {""value"": 1, ""dimension"": ""incertidumbre"", ""answered_at"": ""2026-05-25T16:44:46.426"", ""question_id"": 28, ""question_order"": 25}, {""value"": 4, ""dimension"": ""presion"", ""answered_at"": ""2026-05-25T16:45:01.057"", ""question_id"": 29, ""question_order"": 26}]",,
"5cc4b7ae-e806-4f1b-9833-bc9c9177282e","P016","""2026-05-25T21:38:32.946Z""",,"IN_PROGRESS","true",,,,"8",,,,,,,,"5","4","5","4","5","5","4","5",,,,,,,"8","0","[{""value"": 5, ""dimension"": ""realista"", ""answered_at"": ""2026-05-25T16:38:32.951"", ""question_id"": 1, ""question_order"": 1}, {""value"": 4, ""dimension"": ""investigativo"", ""answered_at"": ""2026-05-25T16:38:41.965"", ""question_id"": 2, ""question_order"": 2}, {""value"": 5, ""dimension"": ""artistico"", ""answered_at"": ""2026-05-25T16:38:52.435"", ""question_id"": 3, ""question_order"": 3}, {""value"": 4, ""dimension"": ""social"", ""answered_at"": ""2026-05-25T16:39:01.177"", ""question_id"": 4, ""question_order"": 4}, {""value"": 5, ""dimension"": ""emprendedor"", ""answered_at"": ""2026-05-25T16:39:09.262"", ""question_id"": 5, ""question_order"": 5}, {""value"": 5, ""dimension"": ""convencional"", ""answered_at"": ""2026-05-25T16:39:15.739"", ""question_id"": 6, ""question_order"": 6}, {""value"": 4, ""dimension"": ""apertura"", ""answered_at"": ""2026-05-25T16:39:23.423"", ""question_id"": 7, ""question_order"": 7}, {""value"": 5, ""dimension"": ""responsabilidad"", ""answered_at"": ""2026-05-25T16:39:34.055"", ""question_id"": 8, ""question_order"": 8}]",,
"bfcabab5-1a79-4c8e-b0ff-9dddbf2e5f50","P017","""2026-05-25T21:39:59.149Z""","""2026-05-25T21:43:25.327Z""","COMPLETED","true",,,,"26","ingenieria-tecnologia","Ingeniería, Tecnología y Sistemas","ingenieria-tecnologia","Ingeniería, Tecnología y Sistemas","35","rules-riasec-big-five-v1","Perfil asociado a resolver problemas técnicos, construir soluciones, analizar sistemas y aprender mediante experimentación práctica.","5","4.5","5","4.5","5","5","4.5","4.67","5","4.5","3.5","1","3.5","4.5","26","0","[{""value"": 5, ""dimension"": ""realista"", ""answered_at"": ""2026-05-25T16:39:59.154"", ""question_id"": 1, ""question_order"": 1}, {""value"": 4, ""dimension"": ""investigativo"", ""answered_at"": ""2026-05-25T16:40:03.443"", ""question_id"": 2, ""question_order"": 2}, {""value"": 5, ""dimension"": ""artistico"", ""answered_at"": ""2026-05-25T16:40:07.21"", ""question_id"": 3, ""question_order"": 3}, {""value"": 4, ""dimension"": ""social"", ""answered_at"": ""2026-05-25T16:40:20.511"", ""question_id"": 4, ""question_order"": 4}, {""value"": 5, ""dimension"": ""emprendedor"", ""answered_at"": ""2026-05-25T16:40:25.832"", ""question_id"": 5, ""question_order"": 5}, {""value"": 5, ""dimension"": ""convencional"", ""answered_at"": ""2026-05-25T16:40:37.081"", ""question_id"": 6, ""question_order"": 6}, {""value"": 4, ""dimension"": ""apertura"", ""answered_at"": ""2026-05-25T16:40:42.356"", ""question_id"": 7, ""question_order"": 7}, {""value"": 5, ""dimension"": ""responsabilidad"", ""answered_at"": ""2026-05-25T16:40:46.38"", ""question_id"": 8, ""question_order"": 8}, {""value"": 5, ""dimension"": ""extraversion"", ""answered_at"": ""2026-05-25T16:40:50.019"", ""question_id"": 9, ""question_order"": 9}, {""value"": 4, ""dimension"": ""amabilidad"", ""answered_at"": ""2026-05-25T16:41:00.891"", ""question_id"": 10, ""question_order"": 10}, {""value"": 3, ""dimension"": ""neuroticismo"", ""answered_at"": ""2026-05-25T16:41:13.633"", ""question_id"": 11, ""question_order"": 11}, {""value"": 1, ""dimension"": ""incertidumbre"", ""answered_at"": ""2026-05-25T16:41:21.056"", ""question_id"": 12, ""question_order"": 12}, {""value"": 4, ""dimension"": ""presion"", ""answered_at"": ""2026-05-25T16:41:28.265"", ""question_id"": 13, ""question_order"": 13}, {""value"": 5, ""dimension"": ""tolerancia"", ""answered_at"": ""2026-05-25T16:41:37.535"", ""question_id"": 14, ""question_order"": 14}, {""value"": 5, ""dimension"": ""emprendedor"", ""answered_at"": ""2026-05-25T16:41:54.029"", ""question_id"": 19, ""question_order"": 15}, {""value"": 5, ""dimension"": ""responsabilidad"", ""answered_at"": ""2026-05-25T16:41:59.515"", ""question_id"": 22, ""question_order"": 16}, {""value"": 5, ""dimension"": ""investigativo"", ""answered_at"": ""2026-05-25T16:42:04.593"", ""question_id"": 16, ""question_order"": 17}, {""value"": 5, ""dimension"": ""extraversion"", ""answered_at"": ""2026-05-25T16:42:09.811"", ""question_id"": 23, ""question_order"": 18}, {""value"": 5, ""dimension"": ""social"", ""answered_at"": ""2026-05-25T16:42:15.175"", ""question_id"": 18, ""question_order"": 19}, {""value"": 4, ""dimension"": ""responsabilidad"", ""answered_at"": ""2026-05-25T16:42:22.996"", ""question_id"": 30, ""question_order"": 20}, {""value"": 4, ""dimension"": ""tolerancia"", ""answered_at"": ""2026-05-25T16:42:41.711"", ""question_id"": 27, ""question_order"": 21}, {""value"": 5, ""dimension"": ""apertura"", ""answered_at"": ""2026-05-25T16:42:47.827"", ""question_id"": 21, ""question_order"": 22}, {""value"": 5, ""dimension"": ""amabilidad"", ""answered_at"": ""2026-05-25T16:43:01.266"", ""question_id"": 24, ""question_order"": 23}, {""value"": 3, ""dimension"": ""presion"", ""answered_at"": ""2026-05-25T16:43:10.271"", ""question_id"": 29, ""question_order"": 24}, {""value"": 4, ""dimension"": ""neuroticismo"", ""answered_at"": ""2026-05-25T16:43:18.298"", ""question_id"": 25, ""question_order"": 25}, {""value"": 1, ""dimension"": ""incertidumbre"", ""answered_at"": ""2026-05-25T16:43:25.174"", ""question_id"": 28, ""question_order"": 26}]",,
"a802499d-6874-4539-a3c2-f948285470af","P018","""2026-05-25T21:52:46.153Z""",,"IN_PROGRESS","true",,,,"1",,,,,,,,"4",,,,,,,,,,,,,,"1","0","[{""value"": 4, ""dimension"": ""realista"", ""answered_at"": ""2026-05-25T16:52:46.173"", ""question_id"": 1, ""question_order"": 1}]",,
"e505e8fc-8117-4b9a-bf20-70ff285bfc25","P019","""2026-05-25T21:52:46.837Z""",,"IN_PROGRESS","true",,,,"1",,,,,,,,"4",,,,,,,,,,,,,,"1","0","[{""value"": 4, ""dimension"": ""realista"", ""answered_at"": ""2026-05-25T16:52:46.841"", ""question_id"": 1, ""question_order"": 1}]",,
"84ef59ce-62b2-4c35-9d39-8000452433d1","P020","""2026-05-25T21:52:47.201Z""","""2026-05-25T21:57:16.456Z""","COMPLETED","true",,,,"27","ingenieria-tecnologia","Ingeniería, Tecnología y Sistemas","ingenieria-tecnologia","Ingeniería, Tecnología y Sistemas","35","rules-riasec-big-five-v1","Perfil asociado a resolver problemas técnicos, construir soluciones, analizar sistemas y aprender mediante experimentación práctica.","3.5","4.5","2","4","4.5","4.5","3","3","4","4","4.5","4","4","4","26","1","[{""value"": 4, ""dimension"": ""realista"", ""answered_at"": ""2026-05-25T16:52:47.206"", ""question_id"": 1, ""question_order"": 1}, {""value"": 5, ""dimension"": ""investigativo"", ""answered_at"": ""2026-05-25T16:52:58.481"", ""question_id"": 2, ""question_order"": 2}, {""value"": 2, ""dimension"": ""artistico"", ""answered_at"": ""2026-05-25T16:53:10.169"", ""question_id"": 3, ""question_order"": 3}, {""value"": 4, ""dimension"": ""social"", ""answered_at"": ""2026-05-25T16:53:14.988"", ""question_id"": 4, ""question_order"": 4}, {""value"": 5, ""dimension"": ""emprendedor"", ""answered_at"": ""2026-05-25T16:53:19.6"", ""question_id"": 5, ""question_order"": 5}, {""value"": 5, ""dimension"": ""convencional"", ""answered_at"": ""2026-05-25T16:53:23.777"", ""question_id"": 6, ""question_order"": 6}, {""value"": 3, ""dimension"": ""apertura"", ""answered_at"": ""2026-05-25T16:53:30.096"", ""question_id"": 7, ""question_order"": 7}, {""value"": 3, ""dimension"": ""responsabilidad"", ""answered_at"": ""2026-05-25T16:53:41.072"", ""question_id"": 8, ""question_order"": 8}, {""value"": 5, ""dimension"": ""extraversion"", ""answered_at"": ""2026-05-25T16:53:45.966"", ""question_id"": 9, ""question_order"": 9}, {""value"": 5, ""dimension"": ""amabilidad"", ""answered_at"": ""2026-05-25T16:53:51.001"", ""question_id"": 10, ""question_order"": 10}, {""value"": 4, ""dimension"": ""neuroticismo"", ""answered_at"": ""2026-05-25T16:53:58.008"", ""question_id"": 11, ""question_order"": 11}, {""value"": 3, ""dimension"": ""incertidumbre"", ""answered_at"": ""2026-05-25T16:54:03.981"", ""question_id"": 12, ""question_order"": 12}, {""value"": 4, ""dimension"": ""presion"", ""answered_at"": ""2026-05-25T16:54:11.689"", ""question_id"": 13, ""question_order"": 13}, {""value"": 4, ""dimension"": ""tolerancia"", ""answered_at"": ""2026-05-25T16:54:17.081"", ""question_id"": 14, ""question_order"": 14}, {""value"": 5, ""dimension"": ""neuroticismo"", ""answered_at"": ""2026-05-25T16:54:29.719"", ""question_id"": 25, ""question_order"": 15}, {""value"": 4, ""dimension"": ""tolerancia"", ""answered_at"": ""2026-05-25T16:54:36.558"", ""question_id"": 27, ""question_order"": 16}, {""value"": 4, ""dimension"": ""investigativo"", ""answered_at"": ""2026-05-25T16:54:40.704"", ""question_id"": 16, ""question_order"": 17}, {""value"": 4, ""dimension"": ""presion"", ""answered_at"": ""2026-05-25T16:55:11.619"", ""question_id"": 29, ""question_order"": 19}, {""value"": 4, ""dimension"": ""social"", ""answered_at"": ""2026-05-25T16:56:15.301"", ""question_id"": 18, ""question_order"": 20}, {""value"": 3, ""dimension"": ""extraversion"", ""answered_at"": ""2026-05-25T16:56:23.204"", ""question_id"": 23, ""question_order"": 21}, {""value"": 3, ""dimension"": ""amabilidad"", ""answered_at"": ""2026-05-25T16:56:41.496"", ""question_id"": 24, ""question_order"": 22}, {""value"": 4, ""dimension"": ""emprendedor"", ""answered_at"": ""2026-05-25T16:56:46.689"", ""question_id"": 19, ""question_order"": 23}, {""value"": 5, ""dimension"": ""incertidumbre"", ""answered_at"": ""2026-05-25T16:56:53.522"", ""question_id"": 28, ""question_order"": 24}, {""value"": 4, ""dimension"": ""convencional"", ""answered_at"": ""2026-05-25T16:56:59.378"", ""question_id"": 20, ""question_order"": 25}, {""value"": 3, ""dimension"": ""responsabilidad"", ""answered_at"": ""2026-05-25T16:57:04.629"", ""question_id"": 22, ""question_order"": 26}, {""value"": 3, ""dimension"": ""realista"", ""answered_at"": ""2026-05-25T16:57:16.393"", ""question_id"": 15, ""question_order"": 27}]","Opción guiada: Me interesan ambas, pero no sé cuál elegiría como rol principal","[{""trigger"": ""contrast"", ""answer_text"": ""Opción guiada: Me interesan ambas, pero no sé cuál elegiría como rol principal"", ""answered_at"": ""2026-05-25T16:55:03.676"", ""question_id"": 204, ""answer_order"": 18}]"
"23e5c538-5f15-4376-a447-901ece0c9283","P021","""2026-05-25T22:25:29.140Z""","""2026-05-25T22:26:49.276Z""","COMPLETED","true",,,,"26","negocios-gestion","Negocios, Gestión y Emprendimiento","negocios-gestion","Negocios, Gestión y Emprendimiento","35","rules-riasec-big-five-v1","Perfil asociado a liderazgo, ventas, administración, estrategia, negociación y creación de proyectos.","4","3","3","3.5","3.5","4.5","3","2.5","3.5","1.5","3.5","4","3.5","3.5","26","0","[{""value"": 4, ""dimension"": ""realista"", ""answered_at"": ""2026-05-25T17:25:29.161"", ""question_id"": 1, ""question_order"": 1}, {""value"": 4, ""dimension"": ""investigativo"", ""answered_at"": ""2026-05-25T17:25:44.801"", ""question_id"": 2, ""question_order"": 2}, {""value"": 3, ""dimension"": ""artistico"", ""answered_at"": ""2026-05-25T17:25:53.985"", ""question_id"": 3, ""question_order"": 3}, {""value"": 3, ""dimension"": ""social"", ""answered_at"": ""2026-05-25T17:25:57.18"", ""question_id"": 4, ""question_order"": 4}, {""value"": 4, ""dimension"": ""emprendedor"", ""answered_at"": ""2026-05-25T17:25:58.974"", ""question_id"": 5, ""question_order"": 5}, {""value"": 5, ""dimension"": ""convencional"", ""answered_at"": ""2026-05-25T17:26:00.724"", ""question_id"": 6, ""question_order"": 6}, {""value"": 3, ""dimension"": ""apertura"", ""answered_at"": ""2026-05-25T17:26:02.365"", ""question_id"": 7, ""question_order"": 7}, {""value"": 2, ""dimension"": ""responsabilidad"", ""answered_at"": ""2026-05-25T17:26:04.584"", ""question_id"": 8, ""question_order"": 8}, {""value"": 4, ""dimension"": ""extraversion"", ""answered_at"": ""2026-05-25T17:26:06.327"", ""question_id"": 9, ""question_order"": 9}, {""value"": 2, ""dimension"": ""amabilidad"", ""answered_at"": ""2026-05-25T17:26:07.916"", ""question_id"": 10, ""question_order"": 10}, {""value"": 3, ""dimension"": ""neuroticismo"", ""answered_at"": ""2026-05-25T17:26:09.711"", ""question_id"": 11, ""question_order"": 11}, {""value"": 4, ""dimension"": ""incertidumbre"", ""answered_at"": ""2026-05-25T17:26:12.803"", ""question_id"": 12, ""question_order"": 12}, {""value"": 3, ""dimension"": ""presion"", ""answered_at"": ""2026-05-25T17:26:15.085"", ""question_id"": 13, ""question_order"": 13}, {""value"": 3, ""dimension"": ""tolerancia"", ""answered_at"": ""2026-05-25T17:26:18.696"", ""question_id"": 14, ""question_order"": 14}, {""value"": 4, ""dimension"": ""incertidumbre"", ""answered_at"": ""2026-05-25T17:26:20.479"", ""question_id"": 28, ""question_order"": 15}, {""value"": 4, ""dimension"": ""neuroticismo"", ""answered_at"": ""2026-05-25T17:26:22.404"", ""question_id"": 25, ""question_order"": 16}, {""value"": 3, ""dimension"": ""emprendedor"", ""answered_at"": ""2026-05-25T17:26:24.492"", ""question_id"": 19, ""question_order"": 17}, {""value"": 3, ""dimension"": ""extraversion"", ""answered_at"": ""2026-05-25T17:26:26.101"", ""question_id"": 23, ""question_order"": 18}, {""value"": 4, ""dimension"": ""social"", ""answered_at"": ""2026-05-25T17:26:27.656"", ""question_id"": 18, ""question_order"": 19}, {""value"": 4, ""dimension"": ""tolerancia"", ""answered_at"": ""2026-05-25T17:26:30.24"", ""question_id"": 27, ""question_order"": 20}, {""value"": 2, ""dimension"": ""investigativo"", ""answered_at"": ""2026-05-25T17:26:31.965"", ""question_id"": 16, ""question_order"": 21}, {""value"": 4, ""dimension"": ""presion"", ""answered_at"": ""2026-05-25T17:26:33.928"", ""question_id"": 29, ""question_order"": 22}, {""value"": 4, ""dimension"": ""convencional"", ""answered_at"": ""2026-05-25T17:26:39.367"", ""question_id"": 20, ""question_order"": 23}, {""value"": 3, ""dimension"": ""responsabilidad"", ""answered_at"": ""2026-05-25T17:26:41.159"", ""question_id"": 22, ""question_order"": 24}, {""value"": 4, ""dimension"": ""realista"", ""answered_at"": ""2026-05-25T17:26:43.441"", ""question_id"": 15, ""question_order"": 25}, {""value"": 1, ""dimension"": ""amabilidad"", ""answered_at"": ""2026-05-25T17:26:49.245"", ""question_id"": 24, ""question_order"": 26}]",,
"2ad06c3f-ddaf-47d7-8d01-cecedea2a780","P022","""2026-05-25T22:27:11.835Z""","""2026-05-25T22:35:27.486Z""","COMPLETED","true",,,,"26","ingenieria-tecnologia","Ingeniería, Tecnología y Sistemas","ingenieria-tecnologia","Ingeniería, Tecnología y Sistemas","35","rules-riasec-big-five-v1","Perfil asociado a resolver problemas técnicos, construir soluciones, analizar sistemas y aprender mediante experimentación práctica.","5","5","3","3.5","5","5","5","5","5","4.5","3","3","4","5","26","0","[{""value"": 5, ""dimension"": ""realista"", ""answered_at"": ""2026-05-25T17:27:11.839"", ""question_id"": 1, ""question_order"": 1}, {""value"": 5, ""dimension"": ""investigativo"", ""answered_at"": ""2026-05-25T17:27:19.752"", ""question_id"": 2, ""question_order"": 2}, {""value"": 3, ""dimension"": ""artistico"", ""answered_at"": ""2026-05-25T17:27:30.421"", ""question_id"": 3, ""question_order"": 3}, {""value"": 4, ""dimension"": ""social"", ""answered_at"": ""2026-05-25T17:27:45.82"", ""question_id"": 4, ""question_order"": 4}, {""value"": 5, ""dimension"": ""emprendedor"", ""answered_at"": ""2026-05-25T17:27:51.908"", ""question_id"": 5, ""question_order"": 5}, {""value"": 5, ""dimension"": ""convencional"", ""answered_at"": ""2026-05-25T17:28:01.057"", ""question_id"": 6, ""question_order"": 6}, {""value"": 5, ""dimension"": ""apertura"", ""answered_at"": ""2026-05-25T17:28:06.292"", ""question_id"": 7, ""question_order"": 7}, {""value"": 5, ""dimension"": ""responsabilidad"", ""answered_at"": ""2026-05-25T17:28:13.746"", ""question_id"": 8, ""question_order"": 8}, {""value"": 5, ""dimension"": ""extraversion"", ""answered_at"": ""2026-05-25T17:28:21.976"", ""question_id"": 9, ""question_order"": 9}, {""value"": 4, ""dimension"": ""amabilidad"", ""answered_at"": ""2026-05-25T17:28:32.753"", ""question_id"": 10, ""question_order"": 10}, {""value"": 3, ""dimension"": ""neuroticismo"", ""answered_at"": ""2026-05-25T17:28:45.684"", ""question_id"": 11, ""question_order"": 11}, {""value"": 3, ""dimension"": ""incertidumbre"", ""answered_at"": ""2026-05-25T17:28:51.516"", ""question_id"": 12, ""question_order"": 12}, {""value"": 5, ""dimension"": ""presion"", ""answered_at"": ""2026-05-25T17:29:07.075"", ""question_id"": 13, ""question_order"": 13}, {""value"": 5, ""dimension"": ""tolerancia"", ""answered_at"": ""2026-05-25T17:31:09.162"", ""question_id"": 14, ""question_order"": 14}, {""value"": 5, ""dimension"": ""investigativo"", ""answered_at"": ""2026-05-25T17:31:17.571"", ""question_id"": 16, ""question_order"": 15}, {""value"": 5, ""dimension"": ""responsabilidad"", ""answered_at"": ""2026-05-25T17:31:27.243"", ""question_id"": 22, ""question_order"": 16}, {""value"": 5, ""dimension"": ""tolerancia"", ""answered_at"": ""2026-05-25T17:31:31.836"", ""question_id"": 27, ""question_order"": 17}, {""value"": 5, ""dimension"": ""responsabilidad"", ""answered_at"": ""2026-05-25T17:31:47.45"", ""question_id"": 30, ""question_order"": 18}, {""value"": 5, ""dimension"": ""emprendedor"", ""answered_at"": ""2026-05-25T17:32:00.274"", ""question_id"": 19, ""question_order"": 19}, {""value"": 5, ""dimension"": ""extraversion"", ""answered_at"": ""2026-05-25T17:32:23.644"", ""question_id"": 23, ""question_order"": 20}, {""value"": 3, ""dimension"": ""presion"", ""answered_at"": ""2026-05-25T17:32:31.973"", ""question_id"": 29, ""question_order"": 21}, {""value"": 5, ""dimension"": ""apertura"", ""answered_at"": ""2026-05-25T17:34:09.189"", ""question_id"": 21, ""question_order"": 22}, {""value"": 3, ""dimension"": ""social"", ""answered_at"": ""2026-05-25T17:34:37.146"", ""question_id"": 18, ""question_order"": 23}, {""value"": 5, ""dimension"": ""amabilidad"", ""answered_at"": ""2026-05-25T17:35:13.793"", ""question_id"": 24, ""question_order"": 24}, {""value"": 3, ""dimension"": ""neuroticismo"", ""answered_at"": ""2026-05-25T17:35:20.346"", ""question_id"": 25, ""question_order"": 25}, {""value"": 3, ""dimension"": ""incertidumbre"", ""answered_at"": ""2026-05-25T17:35:27.458"", ""question_id"": 28, ""question_order"": 26}]",,
"ee9738b5-8483-49b3-91cb-42cff372998b","P023","""2026-05-25T22:27:58.739Z""","""2026-05-25T22:28:54.888Z""","COMPLETED","true",,,,"26","arte-comunicacion-diseno","Arte, Comunicación y Diseño","arte-comunicacion-diseno","Arte, Comunicación y Diseño","35","rules-riasec-big-five-v1","Perfil relacionado con creatividad, expresión, narrativa, medios, diseño, publicidad y producción de contenidos.","4","3","4","3","3.5","2","3.5","3.67","4","4","3.5","2.5","4","4","26","0","[{""value"": 5, ""dimension"": ""realista"", ""answered_at"": ""2026-05-25T17:27:58.743"", ""question_id"": 1, ""question_order"": 1}, {""value"": 3, ""dimension"": ""investigativo"", ""answered_at"": ""2026-05-25T17:28:00.319"", ""question_id"": 2, ""question_order"": 2}, {""value"": 4, ""dimension"": ""artistico"", ""answered_at"": ""2026-05-25T17:28:02.261"", ""question_id"": 3, ""question_order"": 3}, {""value"": 3, ""dimension"": ""social"", ""answered_at"": ""2026-05-25T17:28:03.559"", ""question_id"": 4, ""question_order"": 4}, {""value"": 3, ""dimension"": ""emprendedor"", ""answered_at"": ""2026-05-25T17:28:04.803"", ""question_id"": 5, ""question_order"": 5}, {""value"": 2, ""dimension"": ""convencional"", ""answered_at"": ""2026-05-25T17:28:05.927"", ""question_id"": 6, ""question_order"": 6}, {""value"": 4, ""dimension"": ""apertura"", ""answered_at"": ""2026-05-25T17:28:07.319"", ""question_id"": 7, ""question_order"": 7}, {""value"": 4, ""dimension"": ""responsabilidad"", ""answered_at"": ""2026-05-25T17:28:08.769"", ""question_id"": 8, ""question_order"": 8}, {""value"": 4, ""dimension"": ""extraversion"", ""answered_at"": ""2026-05-25T17:28:11.177"", ""question_id"": 9, ""question_order"": 9}, {""value"": 4, ""dimension"": ""amabilidad"", ""answered_at"": ""2026-05-25T17:28:12.899"", ""question_id"": 10, ""question_order"": 10}, {""value"": 4, ""dimension"": ""neuroticismo"", ""answered_at"": ""2026-05-25T17:28:16.862"", ""question_id"": 11, ""question_order"": 11}, {""value"": 3, ""dimension"": ""incertidumbre"", ""answered_at"": ""2026-05-25T17:28:18.58"", ""question_id"": 12, ""question_order"": 12}, {""value"": 4, ""dimension"": ""presion"", ""answered_at"": ""2026-05-25T17:28:20.151"", ""question_id"": 13, ""question_order"": 13}, {""value"": 4, ""dimension"": ""tolerancia"", ""answered_at"": ""2026-05-25T17:28:24.253"", ""question_id"": 14, ""question_order"": 14}, {""value"": 3, ""dimension"": ""neuroticismo"", ""answered_at"": ""2026-05-25T17:28:28.37"", ""question_id"": 25, ""question_order"": 15}, {""value"": 4, ""dimension"": ""tolerancia"", ""answered_at"": ""2026-05-25T17:28:30.521"", ""question_id"": 27, ""question_order"": 16}, {""value"": 4, ""dimension"": ""responsabilidad"", ""answered_at"": ""2026-05-25T17:28:32.07"", ""question_id"": 22, ""question_order"": 17}, {""value"": 4, ""dimension"": ""presion"", ""answered_at"": ""2026-05-25T17:28:33.896"", ""question_id"": 29, ""question_order"": 18}, {""value"": 3, ""dimension"": ""responsabilidad"", ""answered_at"": ""2026-05-25T17:28:35.756"", ""question_id"": 30, ""question_order"": 19}, {""value"": 3, ""dimension"": ""apertura"", ""answered_at"": ""2026-05-25T17:28:39.274"", ""question_id"": 21, ""question_order"": 20}, {""value"": 2, ""dimension"": ""incertidumbre"", ""answered_at"": ""2026-05-25T17:28:41.113"", ""question_id"": 28, ""question_order"": 21}, {""value"": 4, ""dimension"": ""extraversion"", ""answered_at"": ""2026-05-25T17:28:43.046"", ""question_id"": 23, ""question_order"": 22}, {""value"": 4, ""dimension"": ""amabilidad"", ""answered_at"": ""2026-05-25T17:28:44.861"", ""question_id"": 24, ""question_order"": 23}, {""value"": 3, ""dimension"": ""realista"", ""answered_at"": ""2026-05-25T17:28:48.045"", ""question_id"": 15, ""question_order"": 24}, {""value"": 3, ""dimension"": ""social"", ""answered_at"": ""2026-05-25T17:28:49.61"", ""question_id"": 18, ""question_order"": 25}, {""value"": 4, ""dimension"": ""emprendedor"", ""answered_at"": ""2026-05-25T17:28:54.859"", ""question_id"": 19, ""question_order"": 26}]",,
"41c6aaff-2d11-459c-9435-c00a944450cd","P024","""2026-05-25T22:28:34.633Z""","""2026-05-25T22:37:13.782Z""","COMPLETED","true",,,,"28","ciencia-datos-investigacion","Ciencia, Datos e Investigación","ciencia-datos-investigacion","Ciencia, Datos e Investigación","35","rules-riasec-big-five-v1","Perfil orientado a formular preguntas, analizar evidencia, interpretar patrones y construir conocimiento verificable.","3","4.5","4","3","4.5","4","4.5","5","5","4.5","5","4.5","5","4.5","26","2","[{""value"": 3, ""dimension"": ""realista"", ""answered_at"": ""2026-05-25T17:28:34.637"", ""question_id"": 1, ""question_order"": 1}, {""value"": 5, ""dimension"": ""investigativo"", ""answered_at"": ""2026-05-25T17:28:50.479"", ""question_id"": 2, ""question_order"": 2}, {""value"": 4, ""dimension"": ""artistico"", ""answered_at"": ""2026-05-25T17:29:03.399"", ""question_id"": 3, ""question_order"": 3}, {""value"": 1, ""dimension"": ""social"", ""answered_at"": ""2026-05-25T17:29:18.921"", ""question_id"": 4, ""question_order"": 4}, {""value"": 4, ""dimension"": ""emprendedor"", ""answered_at"": ""2026-05-25T17:29:35.635"", ""question_id"": 5, ""question_order"": 5}, {""value"": 4, ""dimension"": ""convencional"", ""answered_at"": ""2026-05-25T17:30:18.619"", ""question_id"": 6, ""question_order"": 6}, {""value"": 4, ""dimension"": ""apertura"", ""answered_at"": ""2026-05-25T17:30:32.591"", ""question_id"": 7, ""question_order"": 7}, {""value"": 5, ""dimension"": ""responsabilidad"", ""answered_at"": ""2026-05-25T17:30:50.817"", ""question_id"": 8, ""question_order"": 8}, {""value"": 5, ""dimension"": ""extraversion"", ""answered_at"": ""2026-05-25T17:30:58.457"", ""question_id"": 9, ""question_order"": 9}, {""value"": 4, ""dimension"": ""amabilidad"", ""answered_at"": ""2026-05-25T17:31:08.792"", ""question_id"": 10, ""question_order"": 10}, {""value"": 5, ""dimension"": ""neuroticismo"", ""answered_at"": ""2026-05-25T17:31:21.398"", ""question_id"": 11, ""question_order"": 11}, {""value"": 4, ""dimension"": ""incertidumbre"", ""answered_at"": ""2026-05-25T17:31:30.773"", ""question_id"": 12, ""question_order"": 12}, {""value"": 5, ""dimension"": ""presion"", ""answered_at"": ""2026-05-25T17:31:40.001"", ""question_id"": 13, ""question_order"": 13}, {""value"": 4, ""dimension"": ""tolerancia"", ""answered_at"": ""2026-05-25T17:31:48.318"", ""question_id"": 14, ""question_order"": 14}, {""value"": 5, ""dimension"": ""neuroticismo"", ""answered_at"": ""2026-05-25T17:35:18.835"", ""question_id"": 25, ""question_order"": 17}, {""value"": 5, ""dimension"": ""tolerancia"", ""answered_at"": ""2026-05-25T17:35:38.293"", ""question_id"": 27, ""question_order"": 18}, {""value"": 4, ""dimension"": ""investigativo"", ""answered_at"": ""2026-05-25T17:35:46.785"", ""question_id"": 16, ""question_order"": 19}, {""value"": 5, ""dimension"": ""incertidumbre"", ""answered_at"": ""2026-05-25T17:35:56.067"", ""question_id"": 28, ""question_order"": 20}, {""value"": 5, ""dimension"": ""presion"", ""answered_at"": ""2026-05-25T17:36:04.788"", ""question_id"": 29, ""question_order"": 21}, {""value"": 5, ""dimension"": ""apertura"", ""answered_at"": ""2026-05-25T17:36:14.74"", ""question_id"": 21, ""question_order"": 22}, {""value"": 5, ""dimension"": ""responsabilidad"", ""answered_at"": ""2026-05-25T17:36:24.907"", ""question_id"": 22, ""question_order"": 23}, {""value"": 5, ""dimension"": ""responsabilidad"", ""answered_at"": ""2026-05-25T17:36:32.987"", ""question_id"": 30, ""question_order"": 24}, {""value"": 5, ""dimension"": ""emprendedor"", ""answered_at"": ""2026-05-25T17:36:42.252"", ""question_id"": 19, ""question_order"": 25}, {""value"": 5, ""dimension"": ""extraversion"", ""answered_at"": ""2026-05-25T17:36:52.426"", ""question_id"": 23, ""question_order"": 26}, {""value"": 5, ""dimension"": ""amabilidad"", ""answered_at"": ""2026-05-25T17:37:02.331"", ""question_id"": 24, ""question_order"": 27}, {""value"": 5, ""dimension"": ""social"", ""answered_at"": ""2026-05-25T17:37:13.749"", ""question_id"": 18, ""question_order"": 28}]","Opción guiada: Revisar información, buscar patrones y explicar por qué ocurre algo | Detalle: Me interesan varias cosas | Opción guiada: Crear una historia, pieza expresiva, música, video o mensaje creativo | Detalle: Nunca lo he explorado","[{""trigger"": ""contrast"", ""answer_text"": ""Opción guiada: Revisar información, buscar patrones y explicar por qué ocurre algo | Detalle: Me interesan varias cosas"", ""answered_at"": ""2026-05-25T17:34:32.388"", ""question_id"": 201, ""answer_order"": 15}, {""trigger"": ""contrast"", ""answer_text"": ""Opción guiada: Crear una historia, pieza expresiva, música, video o mensaje creativo | Detalle: Nunca lo he explorado"", ""answered_at"": ""2026-05-25T17:35:04.291"", ""question_id"": 202, ""answer_order"": 16}]"
"fe2449d7-fd97-46c5-9aff-363e153af2c1","P025","""2026-05-25T22:33:03.394Z""","""2026-05-25T22:37:58.018Z""","COMPLETED","true",,,,"26","ingenieria-tecnologia","Ingeniería, Tecnología y Sistemas","ingenieria-tecnologia","Ingeniería, Tecnología y Sistemas","35","rules-riasec-big-five-v1","Perfil asociado a resolver problemas técnicos, construir soluciones, analizar sistemas y aprender mediante experimentación práctica.","4","4","3","5","4.5","5","3","4.33","4","3","5","3.5","4.5","4","26","0","[{""value"": 4, ""dimension"": ""realista"", ""answered_at"": ""2026-05-25T17:33:03.398"", ""question_id"": 1, ""question_order"": 1}, {""value"": 4, ""dimension"": ""investigativo"", ""answered_at"": ""2026-05-25T17:33:24.679"", ""question_id"": 2, ""question_order"": 2}, {""value"": 2, ""dimension"": ""artistico"", ""answered_at"": ""2026-05-25T17:33:34.051"", ""question_id"": 3, ""question_order"": 3}, {""value"": 5, ""dimension"": ""social"", ""answered_at"": ""2026-05-25T17:33:45.972"", ""question_id"": 4, ""question_order"": 4}, {""value"": 4, ""dimension"": ""emprendedor"", ""answered_at"": ""2026-05-25T17:34:00.244"", ""question_id"": 5, ""question_order"": 5}, {""value"": 5, ""dimension"": ""convencional"", ""answered_at"": ""2026-05-25T17:34:09.051"", ""question_id"": 6, ""question_order"": 6}, {""value"": 3, ""dimension"": ""apertura"", ""answered_at"": ""2026-05-25T17:34:15.1"", ""question_id"": 7, ""question_order"": 7}, {""value"": 4, ""dimension"": ""responsabilidad"", ""answered_at"": ""2026-05-25T17:34:24.205"", ""question_id"": 8, ""question_order"": 8}, {""value"": 4, ""dimension"": ""extraversion"", ""answered_at"": ""2026-05-25T17:34:35.838"", ""question_id"": 9, ""question_order"": 9}, {""value"": 4, ""dimension"": ""amabilidad"", ""answered_at"": ""2026-05-25T17:34:50.846"", ""question_id"": 10, ""question_order"": 10}, {""value"": 5, ""dimension"": ""neuroticismo"", ""answered_at"": ""2026-05-25T17:34:58.523"", ""question_id"": 11, ""question_order"": 11}, {""value"": 4, ""dimension"": ""incertidumbre"", ""answered_at"": ""2026-05-25T17:35:12.027"", ""question_id"": 12, ""question_order"": 12}, {""value"": 4, ""dimension"": ""presion"", ""answered_at"": ""2026-05-25T17:35:42.425"", ""question_id"": 13, ""question_order"": 13}, {""value"": 4, ""dimension"": ""tolerancia"", ""answered_at"": ""2026-05-25T17:35:52.258"", ""question_id"": 14, ""question_order"": 14}, {""value"": 5, ""dimension"": ""neuroticismo"", ""answered_at"": ""2026-05-25T17:36:25.27"", ""question_id"": 25, ""question_order"": 15}, {""value"": 4, ""dimension"": ""tolerancia"", ""answered_at"": ""2026-05-25T17:36:46.494"", ""question_id"": 27, ""question_order"": 16}, {""value"": 4, ""dimension"": ""investigativo"", ""answered_at"": ""2026-05-25T17:36:55.733"", ""question_id"": 16, ""question_order"": 17}, {""value"": 3, ""dimension"": ""incertidumbre"", ""answered_at"": ""2026-05-25T17:37:02.657"", ""question_id"": 28, ""question_order"": 18}, {""value"": 5, ""dimension"": ""presion"", ""answered_at"": ""2026-05-25T17:37:10.085"", ""question_id"": 29, ""question_order"": 19}, {""value"": 5, ""dimension"": ""social"", ""answered_at"": ""2026-05-25T17:37:15.452"", ""question_id"": 18, ""question_order"": 20}, {""value"": 4, ""dimension"": ""extraversion"", ""answered_at"": ""2026-05-25T17:37:22.317"", ""question_id"": 23, ""question_order"": 21}, {""value"": 2, ""dimension"": ""amabilidad"", ""answered_at"": ""2026-05-25T17:37:28.065"", ""question_id"": 24, ""question_order"": 22}, {""value"": 5, ""dimension"": ""emprendedor"", ""answered_at"": ""2026-05-25T17:37:32.889"", ""question_id"": 19, ""question_order"": 23}, {""value"": 5, ""dimension"": ""responsabilidad"", ""answered_at"": ""2026-05-25T17:37:39.638"", ""question_id"": 22, ""question_order"": 24}, {""value"": 4, ""dimension"": ""responsabilidad"", ""answered_at"": ""2026-05-25T17:37:49.581"", ""question_id"": 30, ""question_order"": 25}, {""value"": 4, ""dimension"": ""artistico"", ""answered_at"": ""2026-05-25T17:37:57.988"", ""question_id"": 17, ""question_order"": 26}]",,
"bd73d9d5-0210-471e-a68c-e7999eb3e421","P026","""2026-05-25T22:35:25.455Z""",,"IN_PROGRESS","true",,,,"1",,,,,,,,"4",,,,,,,,,,,,,,"1","0","[{""value"": 4, ""dimension"": ""realista"", ""answered_at"": ""2026-05-25T17:35:25.459"", ""question_id"": 1, ""question_order"": 1}]",,
"3ad003b9-0bf4-4754-945a-5cc8dc34c0a8","P027","""2026-05-25T22:54:58.395Z""","""2026-05-25T23:01:14.454Z""","COMPLETED","true",,,,"26","ingenieria-tecnologia","Ingeniería, Tecnología y Sistemas","ingenieria-tecnologia","Ingeniería, Tecnología y Sistemas","35","rules-riasec-big-five-v1","Perfil asociado a resolver problemas técnicos, construir soluciones, analizar sistemas y aprender mediante experimentación práctica.","5","5","5","5","5","5","5","4.67","4.5","5","4.5","3","3.5","5","26","0","[{""value"": 5, ""dimension"": ""realista"", ""answered_at"": ""2026-05-25T17:54:58.417"", ""question_id"": 1, ""question_order"": 1}, {""value"": 5, ""dimension"": ""investigativo"", ""answered_at"": ""2026-05-25T17:55:25.421"", ""question_id"": 2, ""question_order"": 2}, {""value"": 5, ""dimension"": ""artistico"", ""answered_at"": ""2026-05-25T17:55:49.882"", ""question_id"": 3, ""question_order"": 3}, {""value"": 5, ""dimension"": ""social"", ""answered_at"": ""2026-05-25T17:55:59.098"", ""question_id"": 4, ""question_order"": 4}, {""value"": 5, ""dimension"": ""emprendedor"", ""answered_at"": ""2026-05-25T17:56:25.527"", ""question_id"": 5, ""question_order"": 5}, {""value"": 5, ""dimension"": ""convencional"", ""answered_at"": ""2026-05-25T17:56:54.522"", ""question_id"": 6, ""question_order"": 6}, {""value"": 5, ""dimension"": ""apertura"", ""answered_at"": ""2026-05-25T17:57:02.034"", ""question_id"": 7, ""question_order"": 7}, {""value"": 5, ""dimension"": ""responsabilidad"", ""answered_at"": ""2026-05-25T17:57:11.986"", ""question_id"": 8, ""question_order"": 8}, {""value"": 4, ""dimension"": ""extraversion"", ""answered_at"": ""2026-05-25T17:57:21.497"", ""question_id"": 9, ""question_order"": 9}, {""value"": 5, ""dimension"": ""amabilidad"", ""answered_at"": ""2026-05-25T17:57:32.344"", ""question_id"": 10, ""question_order"": 10}, {""value"": 4, ""dimension"": ""neuroticismo"", ""answered_at"": ""2026-05-25T17:57:52.512"", ""question_id"": 11, ""question_order"": 11}, {""value"": 5, ""dimension"": ""incertidumbre"", ""answered_at"": ""2026-05-25T17:58:19.306"", ""question_id"": 12, ""question_order"": 12}, {""value"": 5, ""dimension"": ""presion"", ""answered_at"": ""2026-05-25T17:58:28.273"", ""question_id"": 13, ""question_order"": 13}, {""value"": 5, ""dimension"": ""tolerancia"", ""answered_at"": ""2026-05-25T17:58:40.763"", ""question_id"": 14, ""question_order"": 14}, {""value"": 5, ""dimension"": ""neuroticismo"", ""answered_at"": ""2026-05-25T17:58:53.221"", ""question_id"": 25, ""question_order"": 15}, {""value"": 5, ""dimension"": ""tolerancia"", ""answered_at"": ""2026-05-25T17:59:03.99"", ""question_id"": 27, ""question_order"": 16}, {""value"": 5, ""dimension"": ""investigativo"", ""answered_at"": ""2026-05-25T17:59:16.181"", ""question_id"": 16, ""question_order"": 17}, {""value"": 1, ""dimension"": ""incertidumbre"", ""answered_at"": ""2026-05-25T17:59:24.74"", ""question_id"": 28, ""question_order"": 18}, {""value"": 2, ""dimension"": ""presion"", ""answered_at"": ""2026-05-25T17:59:35.307"", ""question_id"": 29, ""question_order"": 19}, {""value"": 5, ""dimension"": ""responsabilidad"", ""answered_at"": ""2026-05-25T17:59:43.326"", ""question_id"": 22, ""question_order"": 20}, {""value"": 4, ""dimension"": ""responsabilidad"", ""answered_at"": ""2026-05-25T17:59:55.333"", ""question_id"": 30, ""question_order"": 21}, {""value"": 5, ""dimension"": ""apertura"", ""answered_at"": ""2026-05-25T18:00:07.345"", ""question_id"": 21, ""question_order"": 22}, {""value"": 5, ""dimension"": ""social"", ""answered_at"": ""2026-05-25T18:00:48.794"", ""question_id"": 18, ""question_order"": 23}, {""value"": 5, ""dimension"": ""extraversion"", ""answered_at"": ""2026-05-25T18:00:57.134"", ""question_id"": 23, ""question_order"": 24}, {""value"": 5, ""dimension"": ""amabilidad"", ""answered_at"": ""2026-05-25T18:01:06.915"", ""question_id"": 24, ""question_order"": 25}, {""value"": 5, ""dimension"": ""emprendedor"", ""answered_at"": ""2026-05-25T18:01:14.419"", ""question_id"": 19, ""question_order"": 26}]",,
"9d3c58c6-f39c-404b-bfe1-afb0bcece3ae","P028","""2026-05-25T22:59:52.562Z""","""2026-05-25T23:07:45.424Z""","COMPLETED","true",,,,"28","educacion-ciencias-sociales","Educación y Ciencias Sociales","educacion-ciencias-sociales","Educación y Ciencias Sociales","35","rules-riasec-big-five-v1","Perfil enfocado en aprendizaje, orientación, comunicación, trabajo comunitario y desarrollo de personas o grupos.","4.5","3","4","5","4.5","4","3.5","4","4.5","5","5","3","4.5","2","26","2","[{""value"": 4, ""dimension"": ""realista"", ""answered_at"": ""2026-05-25T17:59:52.566"", ""question_id"": 1, ""question_order"": 1}, {""value"": 3, ""dimension"": ""investigativo"", ""answered_at"": ""2026-05-25T18:00:03.586"", ""question_id"": 2, ""question_order"": 2}, {""value"": 4, ""dimension"": ""artistico"", ""answered_at"": ""2026-05-25T18:00:14.272"", ""question_id"": 3, ""question_order"": 3}, {""value"": 5, ""dimension"": ""social"", ""answered_at"": ""2026-05-25T18:00:21.099"", ""question_id"": 4, ""question_order"": 4}, {""value"": 5, ""dimension"": ""emprendedor"", ""answered_at"": ""2026-05-25T18:00:28.497"", ""question_id"": 5, ""question_order"": 5}, {""value"": 4, ""dimension"": ""convencional"", ""answered_at"": ""2026-05-25T18:00:38.105"", ""question_id"": 6, ""question_order"": 6}, {""value"": 4, ""dimension"": ""apertura"", ""answered_at"": ""2026-05-25T18:00:44.642"", ""question_id"": 7, ""question_order"": 7}, {""value"": 3, ""dimension"": ""responsabilidad"", ""answered_at"": ""2026-05-25T18:00:50.197"", ""question_id"": 8, ""question_order"": 8}, {""value"": 4, ""dimension"": ""extraversion"", ""answered_at"": ""2026-05-25T18:00:56.939"", ""question_id"": 9, ""question_order"": 9}, {""value"": 5, ""dimension"": ""amabilidad"", ""answered_at"": ""2026-05-25T18:01:04.801"", ""question_id"": 10, ""question_order"": 10}, {""value"": 5, ""dimension"": ""neuroticismo"", ""answered_at"": ""2026-05-25T18:01:13.238"", ""question_id"": 11, ""question_order"": 11}, {""value"": 2, ""dimension"": ""incertidumbre"", ""answered_at"": ""2026-05-25T18:01:27.449"", ""question_id"": 12, ""question_order"": 12}, {""value"": 5, ""dimension"": ""presion"", ""answered_at"": ""2026-05-25T18:01:35.367"", ""question_id"": 13, ""question_order"": 13}, {""value"": 3, ""dimension"": ""tolerancia"", ""answered_at"": ""2026-05-25T18:01:41.757"", ""question_id"": 14, ""question_order"": 14}, {""value"": 5, ""dimension"": ""neuroticismo"", ""answered_at"": ""2026-05-25T18:06:13.052"", ""question_id"": 25, ""question_order"": 17}, {""value"": 4, ""dimension"": ""presion"", ""answered_at"": ""2026-05-25T18:06:24.366"", ""question_id"": 29, ""question_order"": 18}, {""value"": 5, ""dimension"": ""social"", ""answered_at"": ""2026-05-25T18:06:34.324"", ""question_id"": 18, ""question_order"": 19}, {""value"": 5, ""dimension"": ""extraversion"", ""answered_at"": ""2026-05-25T18:06:41.91"", ""question_id"": 23, ""question_order"": 20}, {""value"": 5, ""dimension"": ""amabilidad"", ""answered_at"": ""2026-05-25T18:06:51.414"", ""question_id"": 24, ""question_order"": 21}, {""value"": 4, ""dimension"": ""emprendedor"", ""answered_at"": ""2026-05-25T18:06:57.652"", ""question_id"": 19, ""question_order"": 22}, {""value"": 1, ""dimension"": ""tolerancia"", ""answered_at"": ""2026-05-25T18:07:04.427"", ""question_id"": 27, ""question_order"": 23}, {""value"": 5, ""dimension"": ""realista"", ""answered_at"": ""2026-05-25T18:07:14.065"", ""question_id"": 15, ""question_order"": 24}, {""value"": 4, ""dimension"": ""incertidumbre"", ""answered_at"": ""2026-05-25T18:07:23.809"", ""question_id"": 28, ""question_order"": 25}, {""value"": 3, ""dimension"": ""apertura"", ""answered_at"": ""2026-05-25T18:07:32.622"", ""question_id"": 21, ""question_order"": 26}, {""value"": 4, ""dimension"": ""convencional"", ""answered_at"": ""2026-05-25T18:07:39.493"", ""question_id"": 20, ""question_order"": 27}, {""value"": 5, ""dimension"": ""responsabilidad"", ""answered_at"": ""2026-05-25T18:07:45.395"", ""question_id"": 22, ""question_order"": 28}]","Opción guiada: Escuchar, acompañar y ayudar a ordenar lo que la persona siente | Detalle: Me cuesta imaginarlo | Opción guiada: Coordinar al grupo, repartir tareas y ayudar a que todos avancen","[{""trigger"": ""contrast"", ""answer_text"": ""Opción guiada: Escuchar, acompañar y ayudar a ordenar lo que la persona siente | Detalle: Me cuesta imaginarlo"", ""answered_at"": ""2026-05-25T18:02:45"", ""question_id"": 203, ""answer_order"": 15}, {""trigger"": ""contrast"", ""answer_text"": ""Opción guiada: Coordinar al grupo, repartir tareas y ayudar a que todos avancen"", ""answered_at"": ""2026-05-25T18:06:01.123"", ""question_id"": 204, ""answer_order"": 16}]"
"d092fb59-778f-4f06-b864-0971183e28e9","P029","""2026-05-25T23:08:30.449Z""","""2026-05-25T23:12:14.103Z""","COMPLETED","true",,,,"26","ingenieria-tecnologia","Ingeniería, Tecnología y Sistemas","ingenieria-tecnologia","Ingeniería, Tecnología y Sistemas","35","rules-riasec-big-five-v1","Perfil asociado a resolver problemas técnicos, construir soluciones, analizar sistemas y aprender mediante experimentación práctica.","5","5","3","4","3","5","5","5","2.5","4","4","4","4","5","26","0","[{""value"": 5, ""dimension"": ""realista"", ""answered_at"": ""2026-05-25T18:08:30.453"", ""question_id"": 1, ""question_order"": 1}, {""value"": 5, ""dimension"": ""investigativo"", ""answered_at"": ""2026-05-25T18:08:54.788"", ""question_id"": 2, ""question_order"": 2}, {""value"": 3, ""dimension"": ""artistico"", ""answered_at"": ""2026-05-25T18:09:02.098"", ""question_id"": 3, ""question_order"": 3}, {""value"": 5, ""dimension"": ""social"", ""answered_at"": ""2026-05-25T18:09:09.713"", ""question_id"": 4, ""question_order"": 4}, {""value"": 3, ""dimension"": ""emprendedor"", ""answered_at"": ""2026-05-25T18:09:18.787"", ""question_id"": 5, ""question_order"": 5}, {""value"": 5, ""dimension"": ""convencional"", ""answered_at"": ""2026-05-25T18:09:26.796"", ""question_id"": 6, ""question_order"": 6}, {""value"": 5, ""dimension"": ""apertura"", ""answered_at"": ""2026-05-25T18:09:33.306"", ""question_id"": 7, ""question_order"": 7}, {""value"": 5, ""dimension"": ""responsabilidad"", ""answered_at"": ""2026-05-25T18:09:41.512"", ""question_id"": 8, ""question_order"": 8}, {""value"": 3, ""dimension"": ""extraversion"", ""answered_at"": ""2026-05-25T18:09:49.233"", ""question_id"": 9, ""question_order"": 9}, {""value"": 5, ""dimension"": ""amabilidad"", ""answered_at"": ""2026-05-25T18:09:55.444"", ""question_id"": 10, ""question_order"": 10}, {""value"": 3, ""dimension"": ""neuroticismo"", ""answered_at"": ""2026-05-25T18:10:07.01"", ""question_id"": 11, ""question_order"": 11}, {""value"": 5, ""dimension"": ""incertidumbre"", ""answered_at"": ""2026-05-25T18:10:15.477"", ""question_id"": 12, ""question_order"": 12}, {""value"": 3, ""dimension"": ""presion"", ""answered_at"": ""2026-05-25T18:10:31.462"", ""question_id"": 13, ""question_order"": 13}, {""value"": 5, ""dimension"": ""tolerancia"", ""answered_at"": ""2026-05-25T18:10:37.773"", ""question_id"": 14, ""question_order"": 14}, {""value"": 5, ""dimension"": ""investigativo"", ""answered_at"": ""2026-05-25T18:10:47.654"", ""question_id"": 16, ""question_order"": 15}, {""value"": 5, ""dimension"": ""responsabilidad"", ""answered_at"": ""2026-05-25T18:10:54.996"", ""question_id"": 22, ""question_order"": 16}, {""value"": 5, ""dimension"": ""tolerancia"", ""answered_at"": ""2026-05-25T18:11:05.465"", ""question_id"": 27, ""question_order"": 17}, {""value"": 5, ""dimension"": ""responsabilidad"", ""answered_at"": ""2026-05-25T18:11:16.26"", ""question_id"": 30, ""question_order"": 18}, {""value"": 3, ""dimension"": ""incertidumbre"", ""answered_at"": ""2026-05-25T18:11:22.287"", ""question_id"": 28, ""question_order"": 19}, {""value"": 5, ""dimension"": ""apertura"", ""answered_at"": ""2026-05-25T18:11:27.712"", ""question_id"": 21, ""question_order"": 20}, {""value"": 3, ""dimension"": ""social"", ""answered_at"": ""2026-05-25T18:11:34.444"", ""question_id"": 18, ""question_order"": 21}, {""value"": 3, ""dimension"": ""amabilidad"", ""answered_at"": ""2026-05-25T18:11:44.968"", ""question_id"": 24, ""question_order"": 22}, {""value"": 5, ""dimension"": ""neuroticismo"", ""answered_at"": ""2026-05-25T18:11:52.547"", ""question_id"": 25, ""question_order"": 23}, {""value"": 5, ""dimension"": ""presion"", ""answered_at"": ""2026-05-25T18:11:59.309"", ""question_id"": 29, ""question_order"": 24}, {""value"": 2, ""dimension"": ""extraversion"", ""answered_at"": ""2026-05-25T18:12:07.534"", ""question_id"": 23, ""question_order"": 25}, {""value"": 3, ""dimension"": ""emprendedor"", ""answered_at"": ""2026-05-25T18:12:14.075"", ""question_id"": 19, ""question_order"": 26}]",,
"bd46b643-16ce-4a8a-912a-b31f97f65bfb","P030","""2026-05-25T23:25:05.594Z""","""2026-05-25T23:27:10.651Z""","COMPLETED","true",,,,"26","ingenieria-tecnologia","Ingeniería, Tecnología y Sistemas","ingenieria-tecnologia","Ingeniería, Tecnología y Sistemas","35","rules-riasec-big-five-v1","Perfil asociado a resolver problemas técnicos, construir soluciones, analizar sistemas y aprender mediante experimentación práctica.","5","5","5","4","4","5","4.5","4.67","5","4","4.5","5","5","5","26","0","[{""value"": 5, ""dimension"": ""realista"", ""answered_at"": ""2026-05-25T18:25:05.617"", ""question_id"": 1, ""question_order"": 1}, {""value"": 5, ""dimension"": ""investigativo"", ""answered_at"": ""2026-05-25T18:25:08.682"", ""question_id"": 2, ""question_order"": 2}, {""value"": 5, ""dimension"": ""artistico"", ""answered_at"": ""2026-05-25T18:25:11.937"", ""question_id"": 3, ""question_order"": 3}, {""value"": 3, ""dimension"": ""social"", ""answered_at"": ""2026-05-25T18:25:17.604"", ""question_id"": 4, ""question_order"": 4}, {""value"": 5, ""dimension"": ""emprendedor"", ""answered_at"": ""2026-05-25T18:25:20.084"", ""question_id"": 5, ""question_order"": 5}, {""value"": 5, ""dimension"": ""convencional"", ""answered_at"": ""2026-05-25T18:25:23.445"", ""question_id"": 6, ""question_order"": 6}, {""value"": 4, ""dimension"": ""apertura"", ""answered_at"": ""2026-05-25T18:25:28.689"", ""question_id"": 7, ""question_order"": 7}, {""value"": 5, ""dimension"": ""responsabilidad"", ""answered_at"": ""2026-05-25T18:25:31.327"", ""question_id"": 8, ""question_order"": 8}, {""value"": 5, ""dimension"": ""extraversion"", ""answered_at"": ""2026-05-25T18:25:33.803"", ""question_id"": 9, ""question_order"": 9}, {""value"": 4, ""dimension"": ""amabilidad"", ""answered_at"": ""2026-05-25T18:25:36.684"", ""question_id"": 10, ""question_order"": 10}, {""value"": 5, ""dimension"": ""neuroticismo"", ""answered_at"": ""2026-05-25T18:25:38.823"", ""question_id"": 11, ""question_order"": 11}, {""value"": 5, ""dimension"": ""incertidumbre"", ""answered_at"": ""2026-05-25T18:25:41.805"", ""question_id"": 12, ""question_order"": 12}, {""value"": 5, ""dimension"": ""presion"", ""answered_at"": ""2026-05-25T18:25:43.803"", ""question_id"": 13, ""question_order"": 13}, {""value"": 5, ""dimension"": ""tolerancia"", ""answered_at"": ""2026-05-25T18:25:46.7"", ""question_id"": 14, ""question_order"": 14}, {""value"": 4, ""dimension"": ""neuroticismo"", ""answered_at"": ""2026-05-25T18:25:58.008"", ""question_id"": 25, ""question_order"": 15}, {""value"": 5, ""dimension"": ""tolerancia"", ""answered_at"": ""2026-05-25T18:26:02.209"", ""question_id"": 27, ""question_order"": 16}, {""value"": 5, ""dimension"": ""investigativo"", ""answered_at"": ""2026-05-25T18:26:06.846"", ""question_id"": 16, ""question_order"": 17}, {""value"": 5, ""dimension"": ""incertidumbre"", ""answered_at"": ""2026-05-25T18:26:15.365"", ""question_id"": 28, ""question_order"": 18}, {""value"": 5, ""dimension"": ""presion"", ""answered_at"": ""2026-05-25T18:26:28.65"", ""question_id"": 29, ""question_order"": 19}, {""value"": 5, ""dimension"": ""responsabilidad"", ""answered_at"": ""2026-05-25T18:26:32.433"", ""question_id"": 22, ""question_order"": 20}, {""value"": 4, ""dimension"": ""responsabilidad"", ""answered_at"": ""2026-05-25T18:26:38.248"", ""question_id"": 30, ""question_order"": 21}, {""value"": 3, ""dimension"": ""emprendedor"", ""answered_at"": ""2026-05-25T18:26:46.141"", ""question_id"": 19, ""question_order"": 22}, {""value"": 5, ""dimension"": ""apertura"", ""answered_at"": ""2026-05-25T18:26:49.525"", ""question_id"": 21, ""question_order"": 23}, {""value"": 5, ""dimension"": ""extraversion"", ""answered_at"": ""2026-05-25T18:26:54.077"", ""question_id"": 23, ""question_order"": 24}, {""value"": 4, ""dimension"": ""amabilidad"", ""answered_at"": ""2026-05-25T18:27:02.696"", ""question_id"": 24, ""question_order"": 25}, {""value"": 5, ""dimension"": ""social"", ""answered_at"": ""2026-05-25T18:27:10.618"", ""question_id"": 18, ""question_order"": 26}]",,
"2cad3bb9-9863-4aa2-80ca-7f8a3c44b8c1","P031","""2026-05-25T23:48:50.370Z""",,"IN_PROGRESS","true",,,,"12",,,,,,,,"4","5","3","4","5","4","3","4","4","3","3","4",,,"12","0","[{""value"": 4, ""dimension"": ""realista"", ""answered_at"": ""2026-05-25T18:48:50.383"", ""question_id"": 1, ""question_order"": 1}, {""value"": 5, ""dimension"": ""investigativo"", ""answered_at"": ""2026-05-25T18:49:54.777"", ""question_id"": 2, ""question_order"": 2}, {""value"": 3, ""dimension"": ""artistico"", ""answered_at"": ""2026-05-25T18:50:10.879"", ""question_id"": 3, ""question_order"": 3}, {""value"": 4, ""dimension"": ""social"", ""answered_at"": ""2026-05-25T18:50:17.458"", ""question_id"": 4, ""question_order"": 4}, {""value"": 5, ""dimension"": ""emprendedor"", ""answered_at"": ""2026-05-25T18:50:33.402"", ""question_id"": 5, ""question_order"": 5}, {""value"": 4, ""dimension"": ""convencional"", ""answered_at"": ""2026-05-25T18:51:14.538"", ""question_id"": 6, ""question_order"": 6}, {""value"": 3, ""dimension"": ""apertura"", ""answered_at"": ""2026-05-25T18:51:22.095"", ""question_id"": 7, ""question_order"": 7}, {""value"": 4, ""dimension"": ""responsabilidad"", ""answered_at"": ""2026-05-25T18:51:30.079"", ""question_id"": 8, ""question_order"": 8}, {""value"": 4, ""dimension"": ""extraversion"", ""answered_at"": ""2026-05-25T18:51:39.785"", ""question_id"": 9, ""question_order"": 9}, {""value"": 3, ""dimension"": ""amabilidad"", ""answered_at"": ""2026-05-25T18:51:48.738"", ""question_id"": 10, ""question_order"": 10}, {""value"": 3, ""dimension"": ""neuroticismo"", ""answered_at"": ""2026-05-25T18:51:56.882"", ""question_id"": 11, ""question_order"": 11}, {""value"": 4, ""dimension"": ""incertidumbre"", ""answered_at"": ""2026-05-25T18:52:08.861"", ""question_id"": 12, ""question_order"": 12}]",,
"f238d86a-e85d-45b4-845f-ac0d36ac3ad9","P032","""2026-05-25T23:52:36.710Z""","""2026-05-26T00:03:31.248Z""","COMPLETED","true",,,,"27","ingenieria-tecnologia","Ingeniería, Tecnología y Sistemas","ingenieria-tecnologia","Ingeniería, Tecnología y Sistemas","35","rules-riasec-big-five-v1","Perfil asociado a resolver problemas técnicos, construir soluciones, analizar sistemas y aprender mediante experimentación práctica.","4","4.5","3.5","4","5","4","3","4","4","4","4.5","3","3.5","4.5","26","1","[{""value"": 4, ""dimension"": ""realista"", ""answered_at"": ""2026-05-25T18:52:36.714"", ""question_id"": 1, ""question_order"": 1}, {""value"": 4, ""dimension"": ""investigativo"", ""answered_at"": ""2026-05-25T18:52:40.172"", ""question_id"": 2, ""question_order"": 2}, {""value"": 3, ""dimension"": ""artistico"", ""answered_at"": ""2026-05-25T18:52:44.405"", ""question_id"": 3, ""question_order"": 3}, {""value"": 4, ""dimension"": ""social"", ""answered_at"": ""2026-05-25T18:52:47.945"", ""question_id"": 4, ""question_order"": 4}, {""value"": 5, ""dimension"": ""emprendedor"", ""answered_at"": ""2026-05-25T18:52:51.768"", ""question_id"": 5, ""question_order"": 5}, {""value"": 4, ""dimension"": ""convencional"", ""answered_at"": ""2026-05-25T18:53:04.651"", ""question_id"": 6, ""question_order"": 6}, {""value"": 3, ""dimension"": ""apertura"", ""answered_at"": ""2026-05-25T18:53:14.783"", ""question_id"": 7, ""question_order"": 7}, {""value"": 4, ""dimension"": ""responsabilidad"", ""answered_at"": ""2026-05-25T18:53:22.762"", ""question_id"": 8, ""question_order"": 8}, {""value"": 4, ""dimension"": ""extraversion"", ""answered_at"": ""2026-05-25T18:53:24.856"", ""question_id"": 9, ""question_order"": 9}, {""value"": 3, ""dimension"": ""amabilidad"", ""answered_at"": ""2026-05-25T18:53:28.506"", ""question_id"": 10, ""question_order"": 10}, {""value"": 5, ""dimension"": ""neuroticismo"", ""answered_at"": ""2026-05-25T18:53:34.827"", ""question_id"": 11, ""question_order"": 11}, {""value"": 4, ""dimension"": ""incertidumbre"", ""answered_at"": ""2026-05-25T18:53:40.59"", ""question_id"": 12, ""question_order"": 12}, {""value"": 5, ""dimension"": ""presion"", ""answered_at"": ""2026-05-25T18:53:48.01"", ""question_id"": 13, ""question_order"": 13}, {""value"": 5, ""dimension"": ""tolerancia"", ""answered_at"": ""2026-05-25T18:54:07.026"", ""question_id"": 14, ""question_order"": 14}, {""value"": 4, ""dimension"": ""neuroticismo"", ""answered_at"": ""2026-05-25T19:01:51.388"", ""question_id"": 25, ""question_order"": 16}, {""value"": 4, ""dimension"": ""tolerancia"", ""answered_at"": ""2026-05-25T19:02:06.171"", ""question_id"": 27, ""question_order"": 17}, {""value"": 5, ""dimension"": ""investigativo"", ""answered_at"": ""2026-05-25T19:02:15.055"", ""question_id"": 16, ""question_order"": 18}, {""value"": 2, ""dimension"": ""incertidumbre"", ""answered_at"": ""2026-05-25T19:02:25.756"", ""question_id"": 28, ""question_order"": 19}, {""value"": 2, ""dimension"": ""presion"", ""answered_at"": ""2026-05-25T19:02:34.331"", ""question_id"": 29, ""question_order"": 20}, {""value"": 4, ""dimension"": ""responsabilidad"", ""answered_at"": ""2026-05-25T19:02:40.6"", ""question_id"": 22, ""question_order"": 21}, {""value"": 4, ""dimension"": ""responsabilidad"", ""answered_at"": ""2026-05-25T19:02:48.192"", ""question_id"": 30, ""question_order"": 22}, {""value"": 5, ""dimension"": ""emprendedor"", ""answered_at"": ""2026-05-25T19:02:53.387"", ""question_id"": 19, ""question_order"": 23}, {""value"": 4, ""dimension"": ""extraversion"", ""answered_at"": ""2026-05-25T19:03:03.161"", ""question_id"": 23, ""question_order"": 24}, {""value"": 4, ""dimension"": ""social"", ""answered_at"": ""2026-05-25T19:03:14.555"", ""question_id"": 18, ""question_order"": 25}, {""value"": 5, ""dimension"": ""amabilidad"", ""answered_at"": ""2026-05-25T19:03:21.293"", ""question_id"": 24, ""question_order"": 26}, {""value"": 4, ""dimension"": ""artistico"", ""answered_at"": ""2026-05-25T19:03:31.208"", ""question_id"": 17, ""question_order"": 27}]","Opción guiada: Coordinar al grupo, repartir tareas y ayudar a que todos avancen","[{""trigger"": ""contrast"", ""answer_text"": ""Opción guiada: Coordinar al grupo, repartir tareas y ayudar a que todos avancen"", ""answered_at"": ""2026-05-25T19:01:43.19"", ""question_id"": 204, ""answer_order"": 15}]"
"97815c31-c43b-45ad-be6b-97a4f17d1c6d","P033","""2026-05-26T00:05:37.691Z""","""2026-05-26T00:48:10.537Z""","COMPLETED","true",,,,"26","ingenieria-tecnologia","Ingeniería, Tecnología y Sistemas","ingenieria-tecnologia","Ingeniería, Tecnología y Sistemas","35","rules-riasec-big-five-v1","Perfil asociado a resolver problemas técnicos, construir soluciones, analizar sistemas y aprender mediante experimentación práctica.","4","4.5","5","5","5","3","4.5","4.67","4","4.5","3.5","4","4","4","26","0","[{""value"": 4, ""dimension"": ""realista"", ""answered_at"": ""2026-05-25T19:05:37.7"", ""question_id"": 1, ""question_order"": 1}, {""value"": 5, ""dimension"": ""investigativo"", ""answered_at"": ""2026-05-25T19:05:42.64"", ""question_id"": 2, ""question_order"": 2}, {""value"": 5, ""dimension"": ""artistico"", ""answered_at"": ""2026-05-25T19:06:04.054"", ""question_id"": 3, ""question_order"": 3}, {""value"": 5, ""dimension"": ""social"", ""answered_at"": ""2026-05-25T19:06:16.213"", ""question_id"": 4, ""question_order"": 4}, {""value"": 5, ""dimension"": ""emprendedor"", ""answered_at"": ""2026-05-25T19:06:25.87"", ""question_id"": 5, ""question_order"": 5}, {""value"": 3, ""dimension"": ""convencional"", ""answered_at"": ""2026-05-25T19:06:34.703"", ""question_id"": 6, ""question_order"": 6}, {""value"": 5, ""dimension"": ""apertura"", ""answered_at"": ""2026-05-25T19:06:41.179"", ""question_id"": 7, ""question_order"": 7}, {""value"": 5, ""dimension"": ""responsabilidad"", ""answered_at"": ""2026-05-25T19:06:55.513"", ""question_id"": 8, ""question_order"": 8}, {""value"": 5, ""dimension"": ""extraversion"", ""answered_at"": ""2026-05-25T19:07:02.195"", ""question_id"": 9, ""question_order"": 9}, {""value"": 4, ""dimension"": ""amabilidad"", ""answered_at"": ""2026-05-25T19:07:09.331"", ""question_id"": 10, ""question_order"": 10}, {""value"": 4, ""dimension"": ""neuroticismo"", ""answered_at"": ""2026-05-25T19:07:16.24"", ""question_id"": 11, ""question_order"": 11}, {""value"": 4, ""dimension"": ""incertidumbre"", ""answered_at"": ""2026-05-25T19:07:25.057"", ""question_id"": 12, ""question_order"": 12}, {""value"": 4, ""dimension"": ""presion"", ""answered_at"": ""2026-05-25T19:07:30.392"", ""question_id"": 13, ""question_order"": 13}, {""value"": 4, ""dimension"": ""tolerancia"", ""answered_at"": ""2026-05-25T19:07:45.847"", ""question_id"": 14, ""question_order"": 14}, {""value"": 3, ""dimension"": ""neuroticismo"", ""answered_at"": ""2026-05-25T19:08:01.312"", ""question_id"": 25, ""question_order"": 15}, {""value"": 4, ""dimension"": ""tolerancia"", ""answered_at"": ""2026-05-25T19:45:17.521"", ""question_id"": 27, ""question_order"": 16}, {""value"": 4, ""dimension"": ""investigativo"", ""answered_at"": ""2026-05-25T19:45:25.489"", ""question_id"": 16, ""question_order"": 17}, {""value"": 4, ""dimension"": ""incertidumbre"", ""answered_at"": ""2026-05-25T19:45:35.328"", ""question_id"": 28, ""question_order"": 18}, {""value"": 4, ""dimension"": ""presion"", ""answered_at"": ""2026-05-25T19:45:49.43"", ""question_id"": 29, ""question_order"": 19}, {""value"": 4, ""dimension"": ""apertura"", ""answered_at"": ""2026-05-25T19:45:57.291"", ""question_id"": 21, ""question_order"": 20}, {""value"": 5, ""dimension"": ""responsabilidad"", ""answered_at"": ""2026-05-25T19:46:05.984"", ""question_id"": 22, ""question_order"": 21}, {""value"": 4, ""dimension"": ""responsabilidad"", ""answered_at"": ""2026-05-25T19:46:42.154"", ""question_id"": 30, ""question_order"": 22}, {""value"": 5, ""dimension"": ""social"", ""answered_at"": ""2026-05-25T19:46:48.298"", ""question_id"": 18, ""question_order"": 23}, {""value"": 3, ""dimension"": ""extraversion"", ""answered_at"": ""2026-05-25T19:47:41.879"", ""question_id"": 23, ""question_order"": 24}, {""value"": 5, ""dimension"": ""amabilidad"", ""answered_at"": ""2026-05-25T19:47:53.013"", ""question_id"": 24, ""question_order"": 25}, {""value"": 5, ""dimension"": ""emprendedor"", ""answered_at"": ""2026-05-25T19:48:10.481"", ""question_id"": 19, ""question_order"": 26}]",,
"b82cd939-527a-4148-9e7c-3bffc490976f","P034","""2026-05-26T00:05:48.959Z""","""2026-05-26T00:11:33.116Z""","COMPLETED","true",,,,"27","ingenieria-tecnologia","Ingeniería, Tecnología y Sistemas","ingenieria-tecnologia","Ingeniería, Tecnología y Sistemas","44","rules-riasec-big-five-v1","Perfil asociado a resolver problemas técnicos, construir soluciones, analizar sistemas y aprender mediante experimentación práctica.","4.5","4.5","3","4","4.5","4","4","4","4.5","4","2","1.5","2","3.5","26","1","[{""value"": 5, ""dimension"": ""realista"", ""answered_at"": ""2026-05-25T19:05:48.963"", ""question_id"": 1, ""question_order"": 1}, {""value"": 5, ""dimension"": ""investigativo"", ""answered_at"": ""2026-05-25T19:05:58.86"", ""question_id"": 2, ""question_order"": 2}, {""value"": 3, ""dimension"": ""artistico"", ""answered_at"": ""2026-05-25T19:06:04.906"", ""question_id"": 3, ""question_order"": 3}, {""value"": 4, ""dimension"": ""social"", ""answered_at"": ""2026-05-25T19:06:09.46"", ""question_id"": 4, ""question_order"": 4}, {""value"": 5, ""dimension"": ""emprendedor"", ""answered_at"": ""2026-05-25T19:07:01.051"", ""question_id"": 5, ""question_order"": 5}, {""value"": 4, ""dimension"": ""convencional"", ""answered_at"": ""2026-05-25T19:07:08.439"", ""question_id"": 6, ""question_order"": 6}, {""value"": 4, ""dimension"": ""apertura"", ""answered_at"": ""2026-05-25T19:07:30.299"", ""question_id"": 7, ""question_order"": 7}, {""value"": 4, ""dimension"": ""responsabilidad"", ""answered_at"": ""2026-05-25T19:07:37.031"", ""question_id"": 8, ""question_order"": 8}, {""value"": 5, ""dimension"": ""extraversion"", ""answered_at"": ""2026-05-25T19:07:45.401"", ""question_id"": 9, ""question_order"": 9}, {""value"": 4, ""dimension"": ""amabilidad"", ""answered_at"": ""2026-05-25T19:07:50.853"", ""question_id"": 10, ""question_order"": 10}, {""value"": 2, ""dimension"": ""neuroticismo"", ""answered_at"": ""2026-05-25T19:07:57.681"", ""question_id"": 11, ""question_order"": 11}, {""value"": 1, ""dimension"": ""incertidumbre"", ""answered_at"": ""2026-05-25T19:08:04.703"", ""question_id"": 12, ""question_order"": 12}, {""value"": 2, ""dimension"": ""presion"", ""answered_at"": ""2026-05-25T19:08:11.775"", ""question_id"": 13, ""question_order"": 13}, {""value"": 3, ""dimension"": ""tolerancia"", ""answered_at"": ""2026-05-25T19:08:20.49"", ""question_id"": 14, ""question_order"": 14}, {""value"": 4, ""dimension"": ""emprendedor"", ""answered_at"": ""2026-05-25T19:09:11.759"", ""question_id"": 19, ""question_order"": 15}, {""value"": 4, ""dimension"": ""responsabilidad"", ""answered_at"": ""2026-05-25T19:09:21.743"", ""question_id"": 22, ""question_order"": 16}, {""value"": 4, ""dimension"": ""investigativo"", ""answered_at"": ""2026-05-25T19:09:28.202"", ""question_id"": 16, ""question_order"": 17}, {""value"": 4, ""dimension"": ""extraversion"", ""answered_at"": ""2026-05-25T19:09:36.906"", ""question_id"": 23, ""question_order"": 18}, {""value"": 4, ""dimension"": ""social"", ""answered_at"": ""2026-05-25T19:10:01.078"", ""question_id"": 18, ""question_order"": 19}, {""value"": 4, ""dimension"": ""responsabilidad"", ""answered_at"": ""2026-05-25T19:10:08.509"", ""question_id"": 30, ""question_order"": 20}, {""value"": 4, ""dimension"": ""amabilidad"", ""answered_at"": ""2026-05-25T19:10:15.905"", ""question_id"": 24, ""question_order"": 21}, {""value"": 4, ""dimension"": ""apertura"", ""answered_at"": ""2026-05-25T19:10:21.706"", ""question_id"": 21, ""question_order"": 22}, {""value"": 4, ""dimension"": ""realista"", ""answered_at"": ""2026-05-25T19:10:30.417"", ""question_id"": 15, ""question_order"": 23}, {""value"": 4, ""dimension"": ""tolerancia"", ""answered_at"": ""2026-05-25T19:10:37.806"", ""question_id"": 27, ""question_order"": 24}, {""value"": 4, ""dimension"": ""convencional"", ""answered_at"": ""2026-05-25T19:10:45.892"", ""question_id"": 20, ""question_order"": 25}, {""value"": 2, ""dimension"": ""incertidumbre"", ""answered_at"": ""2026-05-25T19:11:33.083"", ""question_id"": 28, ""question_order"": 27}]","Opción guiada: Elegiría lo que más curiosidad me genera | Detalle: Depende del contexto","[{""trigger"": ""prioritization"", ""answer_text"": ""Opción guiada: Elegiría lo que más curiosidad me genera | Detalle: Depende del contexto"", ""answered_at"": ""2026-05-25T19:11:21.755"", ""question_id"": 105, ""answer_order"": 26}]"
"191a01d0-e5f0-44ad-9cf1-47d6ccb49566","P035","""2026-05-26T00:08:04.964Z""","""2026-05-26T00:12:57.342Z""","COMPLETED","true",,,,"29","ingenieria-tecnologia","Ingeniería, Tecnología y Sistemas","ingenieria-tecnologia","Ingeniería, Tecnología y Sistemas","45.58","rules-riasec-big-five-v1","Perfil asociado a resolver problemas técnicos, construir soluciones, analizar sistemas y aprender mediante experimentación práctica.","4","3.5","2","3.5","4","4","2","4.33","3.5","3.5","4.5","4.5","4","4","26","3","[{""value"": 5, ""dimension"": ""realista"", ""answered_at"": ""2026-05-25T19:08:04.969"", ""question_id"": 1, ""question_order"": 1}, {""value"": 4, ""dimension"": ""investigativo"", ""answered_at"": ""2026-05-25T19:08:17.274"", ""question_id"": 2, ""question_order"": 2}, {""value"": 2, ""dimension"": ""artistico"", ""answered_at"": ""2026-05-25T19:08:26.517"", ""question_id"": 3, ""question_order"": 3}, {""value"": 3, ""dimension"": ""social"", ""answered_at"": ""2026-05-25T19:08:34.637"", ""question_id"": 4, ""question_order"": 4}, {""value"": 4, ""dimension"": ""emprendedor"", ""answered_at"": ""2026-05-25T19:08:44.214"", ""question_id"": 5, ""question_order"": 5}, {""value"": 4, ""dimension"": ""convencional"", ""answered_at"": ""2026-05-25T19:08:54.742"", ""question_id"": 6, ""question_order"": 6}, {""value"": 2, ""dimension"": ""apertura"", ""answered_at"": ""2026-05-25T19:09:00.642"", ""question_id"": 7, ""question_order"": 7}, {""value"": 4, ""dimension"": ""responsabilidad"", ""answered_at"": ""2026-05-25T19:09:06.755"", ""question_id"": 8, ""question_order"": 8}, {""value"": 4, ""dimension"": ""extraversion"", ""answered_at"": ""2026-05-25T19:09:13.5"", ""question_id"": 9, ""question_order"": 9}, {""value"": 4, ""dimension"": ""amabilidad"", ""answered_at"": ""2026-05-25T19:09:20.362"", ""question_id"": 10, ""question_order"": 10}, {""value"": 5, ""dimension"": ""neuroticismo"", ""answered_at"": ""2026-05-25T19:09:28.737"", ""question_id"": 11, ""question_order"": 11}, {""value"": 4, ""dimension"": ""incertidumbre"", ""answered_at"": ""2026-05-25T19:09:34.715"", ""question_id"": 12, ""question_order"": 12}, {""value"": 4, ""dimension"": ""presion"", ""answered_at"": ""2026-05-25T19:09:42.443"", ""question_id"": 13, ""question_order"": 13}, {""value"": 4, ""dimension"": ""tolerancia"", ""answered_at"": ""2026-05-25T19:09:53.147"", ""question_id"": 14, ""question_order"": 14}, {""value"": 4, ""dimension"": ""neuroticismo"", ""answered_at"": ""2026-05-25T19:10:03.545"", ""question_id"": 25, ""question_order"": 15}, {""value"": 4, ""dimension"": ""tolerancia"", ""answered_at"": ""2026-05-25T19:10:11.326"", ""question_id"": 27, ""question_order"": 16}, {""value"": 3, ""dimension"": ""investigativo"", ""answered_at"": ""2026-05-25T19:10:17.811"", ""question_id"": 16, ""question_order"": 17}, {""value"": 5, ""dimension"": ""incertidumbre"", ""answered_at"": ""2026-05-25T19:10:25.87"", ""question_id"": 28, ""question_order"": 18}, {""value"": 4, ""dimension"": ""presion"", ""answered_at"": ""2026-05-25T19:10:33.332"", ""question_id"": 29, ""question_order"": 19}, {""value"": 4, ""dimension"": ""responsabilidad"", ""answered_at"": ""2026-05-25T19:10:54.341"", ""question_id"": 22, ""question_order"": 20}, {""value"": 5, ""dimension"": ""responsabilidad"", ""answered_at"": ""2026-05-25T19:10:59.766"", ""question_id"": 30, ""question_order"": 21}, {""value"": 4, ""dimension"": ""emprendedor"", ""answered_at"": ""2026-05-25T19:11:07.628"", ""question_id"": 19, ""question_order"": 22}, {""value"": 3, ""dimension"": ""extraversion"", ""answered_at"": ""2026-05-25T19:11:18.672"", ""question_id"": 23, ""question_order"": 23}, {""value"": 3, ""dimension"": ""amabilidad"", ""answered_at"": ""2026-05-25T19:11:28.114"", ""question_id"": 24, ""question_order"": 24}, {""value"": 4, ""dimension"": ""social"", ""answered_at"": ""2026-05-25T19:11:38.558"", ""question_id"": 18, ""question_order"": 25}, {""value"": 3, ""dimension"": ""realista"", ""answered_at"": ""2026-05-25T19:12:57.312"", ""question_id"": 15, ""question_order"": 29}]","Opción guiada: No sé si me gustará ejercer esa carrera | Detalle: Nunca lo he explorado | Opción guiada: Me preocupa elegir algo que no sea rentable | Detalle: Me cuesta imaginarlo | Comentario: Sin respuesta","[{""trigger"": ""uncertainty"", ""answer_text"": ""Opción guiada: No sé si me gustará ejercer esa carrera | Detalle: Nunca lo he explorado"", ""answered_at"": ""2026-05-25T19:12:08.143"", ""question_id"": 101, ""answer_order"": 26}, {""trigger"": ""pressure"", ""answer_text"": ""Opción guiada: Me preocupa elegir algo que no sea rentable | Detalle: Me cuesta imaginarlo"", ""answered_at"": ""2026-05-25T19:12:39.33"", ""question_id"": 102, ""answer_order"": 27}, {""trigger"": ""motivation"", ""answer_text"": ""Comentario: Sin respuesta"", ""answered_at"": ""2026-05-25T19:12:48.393"", ""question_id"": 104, ""answer_order"": 28}]"
"ff2061d5-b411-48dc-8bd0-d44e2ecaee3e","P036","""2026-05-26T00:12:58.229Z""","""2026-05-26T00:15:06.672Z""","COMPLETED","true",,,,"29","salud-apoyo-humano","Salud, Psicología y Apoyo Humano","salud-apoyo-humano","Salud, Psicología y Apoyo Humano","44.5","rules-riasec-big-five-v1","Perfil vinculado al cuidado, bienestar, acompañamiento, intervención y comprensión de necesidades humanas.","2","3","3","3.5","2.5","3","3.5","3.33","3.5","4","2","1","3.5","3.5","26","3","[{""value"": 1, ""dimension"": ""realista"", ""answered_at"": ""2026-05-25T19:12:58.233"", ""question_id"": 1, ""question_order"": 1}, {""value"": 3, ""dimension"": ""investigativo"", ""answered_at"": ""2026-05-25T19:13:18.541"", ""question_id"": 2, ""question_order"": 2}, {""value"": 3, ""dimension"": ""artistico"", ""answered_at"": ""2026-05-25T19:13:23.658"", ""question_id"": 3, ""question_order"": 3}, {""value"": 3, ""dimension"": ""social"", ""answered_at"": ""2026-05-25T19:13:26.058"", ""question_id"": 4, ""question_order"": 4}, {""value"": 4, ""dimension"": ""emprendedor"", ""answered_at"": ""2026-05-25T19:13:29.486"", ""question_id"": 5, ""question_order"": 5}, {""value"": 3, ""dimension"": ""convencional"", ""answered_at"": ""2026-05-25T19:13:32.081"", ""question_id"": 6, ""question_order"": 6}, {""value"": 3, ""dimension"": ""apertura"", ""answered_at"": ""2026-05-25T19:13:34.601"", ""question_id"": 7, ""question_order"": 7}, {""value"": 3, ""dimension"": ""responsabilidad"", ""answered_at"": ""2026-05-25T19:13:38.996"", ""question_id"": 8, ""question_order"": 8}, {""value"": 4, ""dimension"": ""extraversion"", ""answered_at"": ""2026-05-25T19:13:40.878"", ""question_id"": 9, ""question_order"": 9}, {""value"": 5, ""dimension"": ""amabilidad"", ""answered_at"": ""2026-05-25T19:13:42.925"", ""question_id"": 10, ""question_order"": 10}, {""value"": 2, ""dimension"": ""neuroticismo"", ""answered_at"": ""2026-05-25T19:13:46.676"", ""question_id"": 11, ""question_order"": 11}, {""value"": 1, ""dimension"": ""incertidumbre"", ""answered_at"": ""2026-05-25T19:13:48.681"", ""question_id"": 12, ""question_order"": 12}, {""value"": 4, ""dimension"": ""presion"", ""answered_at"": ""2026-05-25T19:13:52.103"", ""question_id"": 13, ""question_order"": 13}, {""value"": 4, ""dimension"": ""tolerancia"", ""answered_at"": ""2026-05-25T19:13:57.35"", ""question_id"": 14, ""question_order"": 14}, {""value"": 3, ""dimension"": ""extraversion"", ""answered_at"": ""2026-05-25T19:14:32.723"", ""question_id"": 23, ""question_order"": 17}, {""value"": 3, ""dimension"": ""amabilidad"", ""answered_at"": ""2026-05-25T19:14:36.006"", ""question_id"": 24, ""question_order"": 18}, {""value"": 3, ""dimension"": ""tolerancia"", ""answered_at"": ""2026-05-25T19:14:45.959"", ""question_id"": 27, ""question_order"": 20}, {""value"": 3, ""dimension"": ""realista"", ""answered_at"": ""2026-05-25T19:14:47.769"", ""question_id"": 15, ""question_order"": 21}, {""value"": 3, ""dimension"": ""presion"", ""answered_at"": ""2026-05-25T19:14:49.764"", ""question_id"": 29, ""question_order"": 22}, {""value"": 1, ""dimension"": ""emprendedor"", ""answered_at"": ""2026-05-25T19:14:54.282"", ""question_id"": 19, ""question_order"": 23}, {""value"": 3, ""dimension"": ""artistico"", ""answered_at"": ""2026-05-25T19:14:56.478"", ""question_id"": 17, ""question_order"": 24}, {""value"": 4, ""dimension"": ""apertura"", ""answered_at"": ""2026-05-25T19:14:58.38"", ""question_id"": 21, ""question_order"": 25}, {""value"": 4, ""dimension"": ""responsabilidad"", ""answered_at"": ""2026-05-25T19:15:00.353"", ""question_id"": 22, ""question_order"": 26}, {""value"": 3, ""dimension"": ""responsabilidad"", ""answered_at"": ""2026-05-25T19:15:02.914"", ""question_id"": 30, ""question_order"": 27}, {""value"": 4, ""dimension"": ""social"", ""answered_at"": ""2026-05-25T19:15:04.823"", ""question_id"": 18, ""question_order"": 28}, {""value"": 2, ""dimension"": ""neuroticismo"", ""answered_at"": ""2026-05-25T19:15:06.638"", ""question_id"": 25, ""question_order"": 29}]","Opción guiada: Escuchar, acompañar y ayudar a ordenar lo que la persona siente | Detalle: Depende del contexto | Comentario: Sin respuesta | Opción guiada: Convencer, negociar y tomar decisiones para que la idea sea viable | Detalle: Nunca lo he explorado | Comentario: Sin respuesta | Opción guiada: Revisar información, buscar patrones y explicar por qué ocurre algo | Detalle: Me interesan varias cosas | Comentario: Sin respuesta","[{""trigger"": ""contrast"", ""answer_text"": ""Opción guiada: Escuchar, acompañar y ayudar a ordenar lo que la persona siente | Detalle: Depende del contexto | Comentario: Sin respuesta"", ""answered_at"": ""2026-05-25T19:14:16.091"", ""question_id"": 203, ""answer_order"": 15}, {""trigger"": ""contrast"", ""answer_text"": ""Opción guiada: Convencer, negociar y tomar decisiones para que la idea sea viable | Detalle: Nunca lo he explorado | Comentario: Sin respuesta"", ""answered_at"": ""2026-05-25T19:14:25.054"", ""question_id"": 204, ""answer_order"": 16}, {""trigger"": ""contrast"", ""answer_text"": ""Opción guiada: Revisar información, buscar patrones y explicar por qué ocurre algo | Detalle: Me interesan varias cosas | Comentario: Sin respuesta"", ""answered_at"": ""2026-05-25T19:14:43.385"", ""question_id"": 201, ""answer_order"": 19}]"
"b890fcf5-1d78-44b7-8d22-c9e1bfcc0f17","P037","""2026-05-26T01:08:01.274Z""","""2026-05-26T01:12:47.768Z""","COMPLETED","true",,,,"27","ciencia-datos-investigacion","Ciencia, Datos e Investigación","ciencia-datos-investigacion","Ciencia, Datos e Investigación","38.25","rules-riasec-big-five-v1","Perfil orientado a formular preguntas, analizar evidencia, interpretar patrones y construir conocimiento verificable.","2","4","2","4","3.5","4","4","4","3.5","4","2.5","2","2.5","3.5","26","1","[{""value"": 2, ""dimension"": ""realista"", ""answered_at"": ""2026-05-25T20:08:01.286"", ""question_id"": 1, ""question_order"": 1}, {""value"": 4, ""dimension"": ""investigativo"", ""answered_at"": ""2026-05-25T20:08:11.022"", ""question_id"": 2, ""question_order"": 2}, {""value"": 2, ""dimension"": ""artistico"", ""answered_at"": ""2026-05-25T20:08:38.3"", ""question_id"": 3, ""question_order"": 3}, {""value"": 4, ""dimension"": ""social"", ""answered_at"": ""2026-05-25T20:08:47.276"", ""question_id"": 4, ""question_order"": 4}, {""value"": 3, ""dimension"": ""emprendedor"", ""answered_at"": ""2026-05-25T20:09:04.193"", ""question_id"": 5, ""question_order"": 5}, {""value"": 4, ""dimension"": ""convencional"", ""answered_at"": ""2026-05-25T20:09:28.827"", ""question_id"": 6, ""question_order"": 6}, {""value"": 4, ""dimension"": ""apertura"", ""answered_at"": ""2026-05-25T20:09:34.78"", ""question_id"": 7, ""question_order"": 7}, {""value"": 4, ""dimension"": ""responsabilidad"", ""answered_at"": ""2026-05-25T20:09:42.525"", ""question_id"": 8, ""question_order"": 8}, {""value"": 4, ""dimension"": ""extraversion"", ""answered_at"": ""2026-05-25T20:09:48.157"", ""question_id"": 9, ""question_order"": 9}, {""value"": 4, ""dimension"": ""amabilidad"", ""answered_at"": ""2026-05-25T20:09:55.056"", ""question_id"": 10, ""question_order"": 10}, {""value"": 3, ""dimension"": ""neuroticismo"", ""answered_at"": ""2026-05-25T20:10:03.608"", ""question_id"": 11, ""question_order"": 11}, {""value"": 2, ""dimension"": ""incertidumbre"", ""answered_at"": ""2026-05-25T20:10:13.825"", ""question_id"": 12, ""question_order"": 12}, {""value"": 3, ""dimension"": ""presion"", ""answered_at"": ""2026-05-25T20:10:22.327"", ""question_id"": 13, ""question_order"": 13}, {""value"": 4, ""dimension"": ""tolerancia"", ""answered_at"": ""2026-05-25T20:10:30.611"", ""question_id"": 14, ""question_order"": 14}, {""value"": 4, ""dimension"": ""social"", ""answered_at"": ""2026-05-25T20:11:37.919"", ""question_id"": 18, ""question_order"": 16}, {""value"": 3, ""dimension"": ""extraversion"", ""answered_at"": ""2026-05-25T20:11:44.764"", ""question_id"": 23, ""question_order"": 17}, {""value"": 4, ""dimension"": ""amabilidad"", ""answered_at"": ""2026-05-25T20:12:01.352"", ""question_id"": 24, ""question_order"": 18}, {""value"": 3, ""dimension"": ""tolerancia"", ""answered_at"": ""2026-05-25T20:12:07.794"", ""question_id"": 27, ""question_order"": 19}, {""value"": 4, ""dimension"": ""investigativo"", ""answered_at"": ""2026-05-25T20:12:11.802"", ""question_id"": 16, ""question_order"": 20}, {""value"": 4, ""dimension"": ""responsabilidad"", ""answered_at"": ""2026-05-25T20:12:16.497"", ""question_id"": 22, ""question_order"": 21}, {""value"": 4, ""dimension"": ""responsabilidad"", ""answered_at"": ""2026-05-25T20:12:21.143"", ""question_id"": 30, ""question_order"": 22}, {""value"": 4, ""dimension"": ""apertura"", ""answered_at"": ""2026-05-25T20:12:25.558"", ""question_id"": 21, ""question_order"": 23}, {""value"": 4, ""dimension"": ""emprendedor"", ""answered_at"": ""2026-05-25T20:12:29.874"", ""question_id"": 19, ""question_order"": 24}, {""value"": 2, ""dimension"": ""neuroticismo"", ""answered_at"": ""2026-05-25T20:12:36.074"", ""question_id"": 25, ""question_order"": 25}, {""value"": 2, ""dimension"": ""incertidumbre"", ""answered_at"": ""2026-05-25T20:12:43.41"", ""question_id"": 28, ""question_order"": 26}, {""value"": 2, ""dimension"": ""presion"", ""answered_at"": ""2026-05-25T20:12:47.731"", ""question_id"": 29, ""question_order"": 27}]","Opción guiada: Probar cómo funciona algo, ajustarlo y comprobar si mejora","[{""trigger"": ""contrast"", ""answer_text"": ""Opción guiada: Probar cómo funciona algo, ajustarlo y comprobar si mejora"", ""answered_at"": ""2026-05-25T20:11:04.572"", ""question_id"": 201, ""answer_order"": 15}]"
"2cc2ef13-8429-4d33-91d6-9ad506ba6e13","P038","""2026-05-26T01:26:43.322Z""","""2026-05-26T01:34:01.580Z""","COMPLETED","true",,,,"26","ingenieria-tecnologia","Ingeniería, Tecnología y Sistemas","ingenieria-tecnologia","Ingeniería, Tecnología y Sistemas","35","rules-riasec-big-five-v1","Perfil asociado a resolver problemas técnicos, construir soluciones, analizar sistemas y aprender mediante experimentación práctica.","4","4","4","4","4","5","4","4","3.5","4.5","5","3.5","4","5","26","0","[{""value"": 4, ""dimension"": ""realista"", ""answered_at"": ""2026-05-25T20:26:43.333"", ""question_id"": 1, ""question_order"": 1}, {""value"": 4, ""dimension"": ""investigativo"", ""answered_at"": ""2026-05-25T20:27:55.21"", ""question_id"": 2, ""question_order"": 2}, {""value"": 4, ""dimension"": ""artistico"", ""answered_at"": ""2026-05-25T20:28:40.067"", ""question_id"": 3, ""question_order"": 3}, {""value"": 4, ""dimension"": ""social"", ""answered_at"": ""2026-05-25T20:28:50.367"", ""question_id"": 4, ""question_order"": 4}, {""value"": 4, ""dimension"": ""emprendedor"", ""answered_at"": ""2026-05-25T20:29:42.513"", ""question_id"": 5, ""question_order"": 5}, {""value"": 5, ""dimension"": ""convencional"", ""answered_at"": ""2026-05-25T20:29:58.015"", ""question_id"": 6, ""question_order"": 6}, {""value"": 4, ""dimension"": ""apertura"", ""answered_at"": ""2026-05-25T20:30:05.213"", ""question_id"": 7, ""question_order"": 7}, {""value"": 4, ""dimension"": ""responsabilidad"", ""answered_at"": ""2026-05-25T20:30:11.904"", ""question_id"": 8, ""question_order"": 8}, {""value"": 4, ""dimension"": ""extraversion"", ""answered_at"": ""2026-05-25T20:30:19.825"", ""question_id"": 9, ""question_order"": 9}, {""value"": 4, ""dimension"": ""amabilidad"", ""answered_at"": ""2026-05-25T20:30:24.573"", ""question_id"": 10, ""question_order"": 10}, {""value"": 5, ""dimension"": ""neuroticismo"", ""answered_at"": ""2026-05-25T20:30:35.206"", ""question_id"": 11, ""question_order"": 11}, {""value"": 4, ""dimension"": ""incertidumbre"", ""answered_at"": ""2026-05-25T20:30:58.936"", ""question_id"": 12, ""question_order"": 12}, {""value"": 4, ""dimension"": ""presion"", ""answered_at"": ""2026-05-25T20:31:11.242"", ""question_id"": 13, ""question_order"": 13}, {""value"": 5, ""dimension"": ""tolerancia"", ""answered_at"": ""2026-05-25T20:31:17.654"", ""question_id"": 14, ""question_order"": 14}, {""value"": 5, ""dimension"": ""neuroticismo"", ""answered_at"": ""2026-05-25T20:31:29.204"", ""question_id"": 25, ""question_order"": 15}, {""value"": 5, ""dimension"": ""tolerancia"", ""answered_at"": ""2026-05-25T20:31:40.867"", ""question_id"": 27, ""question_order"": 16}, {""value"": 4, ""dimension"": ""investigativo"", ""answered_at"": ""2026-05-25T20:31:47.672"", ""question_id"": 16, ""question_order"": 17}, {""value"": 3, ""dimension"": ""incertidumbre"", ""answered_at"": ""2026-05-25T20:32:08.071"", ""question_id"": 28, ""question_order"": 18}, {""value"": 4, ""dimension"": ""presion"", ""answered_at"": ""2026-05-25T20:32:21.7"", ""question_id"": 29, ""question_order"": 19}, {""value"": 4, ""dimension"": ""responsabilidad"", ""answered_at"": ""2026-05-25T20:32:31.737"", ""question_id"": 22, ""question_order"": 20}, {""value"": 4, ""dimension"": ""responsabilidad"", ""answered_at"": ""2026-05-25T20:32:40.432"", ""question_id"": 30, ""question_order"": 21}, {""value"": 4, ""dimension"": ""apertura"", ""answered_at"": ""2026-05-25T20:33:23.271"", ""question_id"": 21, ""question_order"": 22}, {""value"": 4, ""dimension"": ""social"", ""answered_at"": ""2026-05-25T20:33:36.54"", ""question_id"": 18, ""question_order"": 23}, {""value"": 3, ""dimension"": ""extraversion"", ""answered_at"": ""2026-05-25T20:33:45.877"", ""question_id"": 23, ""question_order"": 24}, {""value"": 5, ""dimension"": ""amabilidad"", ""answered_at"": ""2026-05-25T20:33:55.095"", ""question_id"": 24, ""question_order"": 25}, {""value"": 4, ""dimension"": ""emprendedor"", ""answered_at"": ""2026-05-25T20:34:01.433"", ""question_id"": 19, ""question_order"": 26}]",,
"ab18d674-332e-48b9-b766-1c87d1d0f8b3","P039","""2026-05-26T02:20:30.392Z""","""2026-05-26T02:28:47.904Z""","COMPLETED","true",,,,"23","ingenieria-tecnologia","Ingeniería, Tecnología y Sistemas","ingenieria-tecnologia","Ingeniería, Tecnología y Sistemas","35","rules-riasec-big-five-v1","Perfil asociado a resolver problemas técnicos, construir soluciones, analizar sistemas y aprender mediante experimentación práctica.","5","4.5","3","4.5","4.5","3","4.5","5","5","5","5","3.5","4","4","26","0","[{""value"": 5, ""dimension"": ""realista"", ""answered_at"": ""2026-05-25T21:20:30.404"", ""question_id"": 1, ""question_order"": 1}, {""value"": 4, ""dimension"": ""investigativo"", ""answered_at"": ""2026-05-25T21:20:45.038"", ""question_id"": 2, ""question_order"": 2}, {""value"": 3, ""dimension"": ""artistico"", ""answered_at"": ""2026-05-25T21:20:59.42"", ""question_id"": 3, ""question_order"": 3}, {""value"": 5, ""dimension"": ""social"", ""answered_at"": ""2026-05-25T21:21:16.028"", ""question_id"": 4, ""question_order"": 4}, {""value"": 4, ""dimension"": ""emprendedor"", ""answered_at"": ""2026-05-25T21:21:31.66"", ""question_id"": 5, ""question_order"": 5}, {""value"": 3, ""dimension"": ""convencional"", ""answered_at"": ""2026-05-25T21:21:45.833"", ""question_id"": 6, ""question_order"": 6}, {""value"": 4, ""dimension"": ""apertura"", ""answered_at"": ""2026-05-25T21:22:07.974"", ""question_id"": 7, ""question_order"": 7}, {""value"": 5, ""dimension"": ""responsabilidad"", ""answered_at"": ""2026-05-25T21:22:19.4"", ""question_id"": 8, ""question_order"": 8}, {""value"": 5, ""dimension"": ""extraversion"", ""answered_at"": ""2026-05-25T21:22:29.65"", ""question_id"": 9, ""question_order"": 9}, {""value"": 5, ""dimension"": ""amabilidad"", ""answered_at"": ""2026-05-25T21:22:42.033"", ""question_id"": 10, ""question_order"": 10}, {""value"": 5, ""dimension"": ""neuroticismo"", ""answered_at"": ""2026-05-25T21:22:54.972"", ""question_id"": 11, ""question_order"": 11}, {""value"": 3, ""dimension"": ""incertidumbre"", ""answered_at"": ""2026-05-25T21:23:06.189"", ""question_id"": 12, ""question_order"": 12}, {""value"": 4, ""dimension"": ""presion"", ""answered_at"": ""2026-05-25T21:23:20.663"", ""question_id"": 13, ""question_order"": 13}, {""value"": 4, ""dimension"": ""tolerancia"", ""answered_at"": ""2026-05-25T21:23:33.796"", ""question_id"": 14, ""question_order"": 14}, {""value"": 5, ""dimension"": ""neuroticismo"", ""answered_at"": ""2026-05-25T21:23:48.301"", ""question_id"": 25, ""question_order"": 15}, {""value"": 4, ""dimension"": ""tolerancia"", ""answered_at"": ""2026-05-25T21:24:00.642"", ""question_id"": 27, ""question_order"": 16}, {""value"": 5, ""dimension"": ""investigativo"", ""answered_at"": ""2026-05-25T21:24:14.773"", ""question_id"": 16, ""question_order"": 17}, {""value"": 4, ""dimension"": ""presion"", ""answered_at"": ""2026-05-25T21:24:31.537"", ""question_id"": 29, ""question_order"": 18}, {""value"": 4, ""dimension"": ""social"", ""answered_at"": ""2026-05-25T21:24:46.307"", ""question_id"": 18, ""question_order"": 19}, {""value"": 5, ""dimension"": ""responsabilidad"", ""answered_at"": ""2026-05-25T21:24:58.201"", ""question_id"": 22, ""question_order"": 20}, {""value"": 5, ""dimension"": ""responsabilidad"", ""answered_at"": ""2026-05-25T21:25:26.353"", ""question_id"": 30, ""question_order"": 21}, {""value"": 5, ""dimension"": ""extraversion"", ""answered_at"": ""2026-05-25T21:25:49.475"", ""question_id"": 23, ""question_order"": 22}, {""value"": 5, ""dimension"": ""amabilidad"", ""answered_at"": ""2026-05-25T21:26:07.328"", ""question_id"": 24, ""question_order"": 23}, {""value"": 4, ""dimension"": ""incertidumbre"", ""answered_at"": ""2026-05-25T21:26:25.074"", ""question_id"": 28, ""question_order"": 24}, {""value"": 5, ""dimension"": ""emprendedor"", ""answered_at"": ""2026-05-25T21:26:37.066"", ""question_id"": 19, ""question_order"": 25}, {""value"": 5, ""dimension"": ""apertura"", ""answered_at"": ""2026-05-25T21:26:57.214"", ""question_id"": 21, ""question_order"": 26}]",,
"7f32a38e-9b66-45c2-bb13-bbda32445a83","P040","""2026-05-26T03:03:22.966Z""",,"IN_PROGRESS","true",,,,"1",,,,,,,,"3",,,,,,,,,,,,,,"1","0","[{""value"": 3, ""dimension"": ""realista"", ""answered_at"": ""2026-05-25T22:03:22.978"", ""question_id"": 1, ""question_order"": 1}]",,
"d8088c7f-72a4-46d7-adea-33fc2ef0a0c4","P041","""2026-05-26T03:03:23.516Z""","""2026-05-26T03:11:26.106Z""","COMPLETED","true",,,,"29","negocios-gestion","Negocios, Gestión y Emprendimiento","negocios-gestion","Negocios, Gestión y Emprendimiento","35","rules-riasec-big-five-v1","Perfil asociado a liderazgo, ventas, administración, estrategia, negociación y creación de proyectos.","3","3","4","3.5","4","5","4.5","4.33","4","3.5","5","4","4.5","4","26","3","[{""value"": 3, ""dimension"": ""realista"", ""answered_at"": ""2026-05-25T22:03:23.519"", ""question_id"": 1, ""question_order"": 1}, {""value"": 4, ""dimension"": ""investigativo"", ""answered_at"": ""2026-05-25T22:03:29.104"", ""question_id"": 2, ""question_order"": 2}, {""value"": 4, ""dimension"": ""artistico"", ""answered_at"": ""2026-05-25T22:03:37.269"", ""question_id"": 3, ""question_order"": 3}, {""value"": 4, ""dimension"": ""social"", ""answered_at"": ""2026-05-25T22:03:43.116"", ""question_id"": 4, ""question_order"": 4}, {""value"": 4, ""dimension"": ""emprendedor"", ""answered_at"": ""2026-05-25T22:03:49.516"", ""question_id"": 5, ""question_order"": 5}, {""value"": 5, ""dimension"": ""convencional"", ""answered_at"": ""2026-05-25T22:03:53.915"", ""question_id"": 6, ""question_order"": 6}, {""value"": 5, ""dimension"": ""apertura"", ""answered_at"": ""2026-05-25T22:04:05.585"", ""question_id"": 7, ""question_order"": 7}, {""value"": 5, ""dimension"": ""responsabilidad"", ""answered_at"": ""2026-05-25T22:04:12.992"", ""question_id"": 8, ""question_order"": 8}, {""value"": 5, ""dimension"": ""extraversion"", ""answered_at"": ""2026-05-25T22:04:20.901"", ""question_id"": 9, ""question_order"": 9}, {""value"": 3, ""dimension"": ""amabilidad"", ""answered_at"": ""2026-05-25T22:04:29.412"", ""question_id"": 10, ""question_order"": 10}, {""value"": 5, ""dimension"": ""neuroticismo"", ""answered_at"": ""2026-05-25T22:04:37.535"", ""question_id"": 11, ""question_order"": 11}, {""value"": 3, ""dimension"": ""incertidumbre"", ""answered_at"": ""2026-05-25T22:04:42.758"", ""question_id"": 12, ""question_order"": 12}, {""value"": 4, ""dimension"": ""presion"", ""answered_at"": ""2026-05-25T22:05:00.969"", ""question_id"": 13, ""question_order"": 13}, {""value"": 4, ""dimension"": ""tolerancia"", ""answered_at"": ""2026-05-25T22:05:14.604"", ""question_id"": 14, ""question_order"": 14}, {""value"": 4, ""dimension"": ""apertura"", ""answered_at"": ""2026-05-25T22:06:10.622"", ""question_id"": 21, ""question_order"": 17}, {""value"": 3, ""dimension"": ""responsabilidad"", ""answered_at"": ""2026-05-25T22:06:18.286"", ""question_id"": 22, ""question_order"": 18}, {""value"": 2, ""dimension"": ""investigativo"", ""answered_at"": ""2026-05-25T22:06:26.025"", ""question_id"": 16, ""question_order"": 19}, {""value"": 4, ""dimension"": ""tolerancia"", ""answered_at"": ""2026-05-25T22:10:32.348"", ""question_id"": 27, ""question_order"": 21}, {""value"": 5, ""dimension"": ""responsabilidad"", ""answered_at"": ""2026-05-25T22:10:39.016"", ""question_id"": 30, ""question_order"": 22}, {""value"": 5, ""dimension"": ""neuroticismo"", ""answered_at"": ""2026-05-25T22:10:47.445"", ""question_id"": 25, ""question_order"": 23}, {""value"": 5, ""dimension"": ""presion"", ""answered_at"": ""2026-05-25T22:10:53.254"", ""question_id"": 29, ""question_order"": 24}, {""value"": 4, ""dimension"": ""emprendedor"", ""answered_at"": ""2026-05-25T22:11:00.385"", ""question_id"": 19, ""question_order"": 25}, {""value"": 3, ""dimension"": ""extraversion"", ""answered_at"": ""2026-05-25T22:11:06.216"", ""question_id"": 23, ""question_order"": 26}, {""value"": 5, ""dimension"": ""incertidumbre"", ""answered_at"": ""2026-05-25T22:11:14.105"", ""question_id"": 28, ""question_order"": 27}, {""value"": 3, ""dimension"": ""social"", ""answered_at"": ""2026-05-25T22:11:20.038"", ""question_id"": 18, ""question_order"": 28}, {""value"": 4, ""dimension"": ""amabilidad"", ""answered_at"": ""2026-05-25T22:11:26.071"", ""question_id"": 24, ""question_order"": 29}]","Opción guiada: Revisar información, buscar patrones y explicar por qué ocurre algo | Opción guiada: Me atraen ambas, pero depende mucho del tipo de proyecto | Opción guiada: Coordinar al grupo, repartir tareas y ayudar a que todos avancen","[{""trigger"": ""contrast"", ""answer_text"": ""Opción guiada: Revisar información, buscar patrones y explicar por qué ocurre algo"", ""answered_at"": ""2026-05-25T22:05:48.983"", ""question_id"": 201, ""answer_order"": 15}, {""trigger"": ""contrast"", ""answer_text"": ""Opción guiada: Me atraen ambas, pero depende mucho del tipo de proyecto"", ""answered_at"": ""2026-05-25T22:06:04.782"", ""question_id"": 202, ""answer_order"": 16}, {""trigger"": ""contrast"", ""answer_text"": ""Opción guiada: Coordinar al grupo, repartir tareas y ayudar a que todos avancen"", ""answered_at"": ""2026-05-25T22:10:24.856"", ""question_id"": 204, ""answer_order"": 20}]"
"41a1412d-eeda-4851-90b8-dd44cc881211","P042","""2026-05-26T05:33:15.883Z""","""2026-05-26T05:38:28.767Z""","COMPLETED","true",,,,"26","ingenieria-tecnologia","Ingeniería, Tecnología y Sistemas","ingenieria-tecnologia","Ingeniería, Tecnología y Sistemas","35","rules-riasec-big-five-v1","Perfil asociado a resolver problemas técnicos, construir soluciones, analizar sistemas y aprender mediante experimentación práctica.","5","4.5","4","4","4.5","5","3","4.33","5","3.5","4","2.5","2.5","3.5","26","0","[{""value"": 5, ""dimension"": ""realista"", ""answered_at"": ""2026-05-26T00:33:15.896"", ""question_id"": 1, ""question_order"": 1}, {""value"": 4, ""dimension"": ""investigativo"", ""answered_at"": ""2026-05-26T00:33:30.471"", ""question_id"": 2, ""question_order"": 2}, {""value"": 4, ""dimension"": ""artistico"", ""answered_at"": ""2026-05-26T00:33:39.66"", ""question_id"": 3, ""question_order"": 3}, {""value"": 5, ""dimension"": ""social"", ""answered_at"": ""2026-05-26T00:33:46.097"", ""question_id"": 4, ""question_order"": 4}, {""value"": 4, ""dimension"": ""emprendedor"", ""answered_at"": ""2026-05-26T00:34:10.589"", ""question_id"": 5, ""question_order"": 5}, {""value"": 5, ""dimension"": ""convencional"", ""answered_at"": ""2026-05-26T00:34:28.929"", ""question_id"": 6, ""question_order"": 6}, {""value"": 3, ""dimension"": ""apertura"", ""answered_at"": ""2026-05-26T00:34:38.009"", ""question_id"": 7, ""question_order"": 7}, {""value"": 3, ""dimension"": ""responsabilidad"", ""answered_at"": ""2026-05-26T00:35:17.638"", ""question_id"": 8, ""question_order"": 8}, {""value"": 5, ""dimension"": ""extraversion"", ""answered_at"": ""2026-05-26T00:35:25.044"", ""question_id"": 9, ""question_order"": 9}, {""value"": 3, ""dimension"": ""amabilidad"", ""answered_at"": ""2026-05-26T00:35:33.806"", ""question_id"": 10, ""question_order"": 10}, {""value"": 4, ""dimension"": ""neuroticismo"", ""answered_at"": ""2026-05-26T00:35:44.982"", ""question_id"": 11, ""question_order"": 11}, {""value"": 1, ""dimension"": ""incertidumbre"", ""answered_at"": ""2026-05-26T00:35:54.393"", ""question_id"": 12, ""question_order"": 12}, {""value"": 3, ""dimension"": ""presion"", ""answered_at"": ""2026-05-26T00:36:02.647"", ""question_id"": 13, ""question_order"": 13}, {""value"": 4, ""dimension"": ""tolerancia"", ""answered_at"": ""2026-05-26T00:36:23.86"", ""question_id"": 14, ""question_order"": 14}, {""value"": 3, ""dimension"": ""social"", ""answered_at"": ""2026-05-26T00:36:50.679"", ""question_id"": 18, ""question_order"": 15}, {""value"": 5, ""dimension"": ""extraversion"", ""answered_at"": ""2026-05-26T00:37:01.121"", ""question_id"": 23, ""question_order"": 16}, {""value"": 5, ""dimension"": ""emprendedor"", ""answered_at"": ""2026-05-26T00:37:08.07"", ""question_id"": 19, ""question_order"": 17}, {""value"": 5, ""dimension"": ""investigativo"", ""answered_at"": ""2026-05-26T00:37:14.214"", ""question_id"": 16, ""question_order"": 18}, {""value"": 3, ""dimension"": ""tolerancia"", ""answered_at"": ""2026-05-26T00:37:21.777"", ""question_id"": 27, ""question_order"": 19}, {""value"": 4, ""dimension"": ""neuroticismo"", ""answered_at"": ""2026-05-26T00:37:29.619"", ""question_id"": 25, ""question_order"": 20}, {""value"": 5, ""dimension"": ""convencional"", ""answered_at"": ""2026-05-26T00:37:36.555"", ""question_id"": 20, ""question_order"": 21}, {""value"": 5, ""dimension"": ""responsabilidad"", ""answered_at"": ""2026-05-26T00:37:45.805"", ""question_id"": 22, ""question_order"": 22}, {""value"": 5, ""dimension"": ""responsabilidad"", ""answered_at"": ""2026-05-26T00:37:55.345"", ""question_id"": 30, ""question_order"": 23}, {""value"": 4, ""dimension"": ""amabilidad"", ""answered_at"": ""2026-05-26T00:38:02.4"", ""question_id"": 24, ""question_order"": 24}, {""value"": 4, ""dimension"": ""incertidumbre"", ""answered_at"": ""2026-05-26T00:38:13.467"", ""question_id"": 28, ""question_order"": 25}, {""value"": 2, ""dimension"": ""presion"", ""answered_at"": ""2026-05-26T00:38:28.72"", ""question_id"": 29, ""question_order"": 26}]",,
"87b5f6bb-5a10-4c73-a7fc-f3079c9cb71e","P043","""2026-05-26T18:58:08.781Z""",,"IN_PROGRESS","true",,,,"4",,,,,,,,"4","5","4","4",,,,,,,,,,,"4","0","[{""value"": 4, ""dimension"": ""realista"", ""answered_at"": ""2026-05-26T13:58:08.794"", ""question_id"": 1, ""question_order"": 1}, {""value"": 5, ""dimension"": ""investigativo"", ""answered_at"": ""2026-05-26T13:58:23.852"", ""question_id"": 2, ""question_order"": 2}, {""value"": 4, ""dimension"": ""artistico"", ""answered_at"": ""2026-05-26T13:58:51.86"", ""question_id"": 3, ""question_order"": 3}, {""value"": 4, ""dimension"": ""social"", ""answered_at"": ""2026-05-26T13:58:53.007"", ""question_id"": 4, ""question_order"": 4}]",,
"8d5eb238-6446-40d9-bc49-64c39bfe3972","P044","""2026-05-26T20:14:17.873Z""",,"IN_PROGRESS","true",,,,"7",,,,,,,,"4","4","4","4","5","4","4",,,,,,,,"7","0","[{""value"": 4, ""dimension"": ""realista"", ""answered_at"": ""2026-05-26T15:14:17.887"", ""question_id"": 1, ""question_order"": 1}, {""value"": 4, ""dimension"": ""investigativo"", ""answered_at"": ""2026-05-26T15:14:46.729"", ""question_id"": 2, ""question_order"": 2}, {""value"": 4, ""dimension"": ""artistico"", ""answered_at"": ""2026-05-26T15:15:00.447"", ""question_id"": 3, ""question_order"": 3}, {""value"": 4, ""dimension"": ""social"", ""answered_at"": ""2026-05-26T15:15:17.276"", ""question_id"": 4, ""question_order"": 4}, {""value"": 5, ""dimension"": ""emprendedor"", ""answered_at"": ""2026-05-26T15:16:51.106"", ""question_id"": 5, ""question_order"": 5}, {""value"": 4, ""dimension"": ""convencional"", ""answered_at"": ""2026-05-26T15:17:50.571"", ""question_id"": 6, ""question_order"": 6}, {""value"": 4, ""dimension"": ""apertura"", ""answered_at"": ""2026-05-26T15:18:12.837"", ""question_id"": 7, ""question_order"": 7}]",,
"2d4c32c1-8527-4a8e-990f-10ed03a04f9a","P045","""2026-05-26T23:05:31.294Z""",,"IN_PROGRESS","true",,,,"1",,,,,,,,"3",,,,,,,,,,,,,,"1","0","[{""value"": 3, ""dimension"": ""realista"", ""answered_at"": ""2026-05-26T18:05:31.31"", ""question_id"": 1, ""question_order"": 1}]",,
"88181937-d39c-41dc-8388-14b0d159eb60","P046","""2026-05-26T23:05:31.895Z""","""2026-05-26T23:08:26.648Z""","COMPLETED","true",,,,"26","ingenieria-tecnologia","Ingeniería, Tecnología y Sistemas","ingenieria-tecnologia","Ingeniería, Tecnología y Sistemas","35.25","rules-riasec-big-five-v1","Perfil asociado a resolver problemas técnicos, construir soluciones, analizar sistemas y aprender mediante experimentación práctica.","4","4","3","3.5","3.5","3","3","4","3.5","5","4.5","4","4.5","3.5","26","0","[{""value"": 4, ""dimension"": ""realista"", ""answered_at"": ""2026-05-26T18:05:31.9"", ""question_id"": 1, ""question_order"": 1}, {""value"": 5, ""dimension"": ""investigativo"", ""answered_at"": ""2026-05-26T18:05:38.912"", ""question_id"": 2, ""question_order"": 2}, {""value"": 3, ""dimension"": ""artistico"", ""answered_at"": ""2026-05-26T18:05:47.684"", ""question_id"": 3, ""question_order"": 3}, {""value"": 2, ""dimension"": ""social"", ""answered_at"": ""2026-05-26T18:05:53.168"", ""question_id"": 4, ""question_order"": 4}, {""value"": 2, ""dimension"": ""emprendedor"", ""answered_at"": ""2026-05-26T18:05:57.697"", ""question_id"": 5, ""question_order"": 5}, {""value"": 3, ""dimension"": ""convencional"", ""answered_at"": ""2026-05-26T18:06:04.328"", ""question_id"": 6, ""question_order"": 6}, {""value"": 4, ""dimension"": ""apertura"", ""answered_at"": ""2026-05-26T18:06:07.588"", ""question_id"": 7, ""question_order"": 7}, {""value"": 4, ""dimension"": ""responsabilidad"", ""answered_at"": ""2026-05-26T18:06:11.189"", ""question_id"": 8, ""question_order"": 8}, {""value"": 3, ""dimension"": ""extraversion"", ""answered_at"": ""2026-05-26T18:06:15.888"", ""question_id"": 9, ""question_order"": 9}, {""value"": 5, ""dimension"": ""amabilidad"", ""answered_at"": ""2026-05-26T18:06:22.965"", ""question_id"": 10, ""question_order"": 10}, {""value"": 5, ""dimension"": ""neuroticismo"", ""answered_at"": ""2026-05-26T18:06:27.922"", ""question_id"": 11, ""question_order"": 11}, {""value"": 5, ""dimension"": ""incertidumbre"", ""answered_at"": ""2026-05-26T18:06:32.956"", ""question_id"": 12, ""question_order"": 12}, {""value"": 5, ""dimension"": ""presion"", ""answered_at"": ""2026-05-26T18:06:46.36"", ""question_id"": 13, ""question_order"": 13}, {""value"": 3, ""dimension"": ""tolerancia"", ""answered_at"": ""2026-05-26T18:06:54.437"", ""question_id"": 14, ""question_order"": 14}, {""value"": 4, ""dimension"": ""neuroticismo"", ""answered_at"": ""2026-05-26T18:06:58.663"", ""question_id"": 25, ""question_order"": 15}, {""value"": 3, ""dimension"": ""incertidumbre"", ""answered_at"": ""2026-05-26T18:07:27.209"", ""question_id"": 28, ""question_order"": 16}, {""value"": 4, ""dimension"": ""presion"", ""answered_at"": ""2026-05-26T18:07:31.973"", ""question_id"": 29, ""question_order"": 17}, {""value"": 4, ""dimension"": ""tolerancia"", ""answered_at"": ""2026-05-26T18:07:38.221"", ""question_id"": 27, ""question_order"": 18}, {""value"": 3, ""dimension"": ""investigativo"", ""answered_at"": ""2026-05-26T18:07:42.614"", ""question_id"": 16, ""question_order"": 19}, {""value"": 5, ""dimension"": ""responsabilidad"", ""answered_at"": ""2026-05-26T18:07:47.21"", ""question_id"": 22, ""question_order"": 20}, {""value"": 3, ""dimension"": ""responsabilidad"", ""answered_at"": ""2026-05-26T18:07:51.07"", ""question_id"": 30, ""question_order"": 21}, {""value"": 2, ""dimension"": ""apertura"", ""answered_at"": ""2026-05-26T18:07:55.004"", ""question_id"": 21, ""question_order"": 22}, {""value"": 5, ""dimension"": ""amabilidad"", ""answered_at"": ""2026-05-26T18:07:59.605"", ""question_id"": 24, ""question_order"": 23}, {""value"": 5, ""dimension"": ""social"", ""answered_at"": ""2026-05-26T18:08:15.725"", ""question_id"": 18, ""question_order"": 24}, {""value"": 4, ""dimension"": ""extraversion"", ""answered_at"": ""2026-05-26T18:08:22.806"", ""question_id"": 23, ""question_order"": 25}, {""value"": 5, ""dimension"": ""emprendedor"", ""answered_at"": ""2026-05-26T18:08:26.606"", ""question_id"": 19, ""question_order"": 26}]",,
"830a72e3-f1f8-45c4-8b00-a1fbf94d808c","P047","""2026-05-27T00:18:21.894Z""",,"IN_PROGRESS","true",,,,"1",,,,,,,,"5",,,,,,,,,,,,,,"1","0","[{""value"": 5, ""dimension"": ""realista"", ""answered_at"": ""2026-05-26T19:18:21.908"", ""question_id"": 1, ""question_order"": 1}]",,
"74928561-1602-414e-8a08-288ceeb79a64","P048","""2026-05-27T00:18:22.419Z""",,"IN_PROGRESS","true",,,,"1",,,,,,,,"5",,,,,,,,,,,,,,"1","0","[{""value"": 5, ""dimension"": ""realista"", ""answered_at"": ""2026-05-26T19:18:22.423"", ""question_id"": 1, ""question_order"": 1}]",,
"f0bbac05-a2a2-488c-9459-baeae106a4f0","P049","""2026-05-27T00:18:22.841Z""","""2026-05-27T00:21:56.399Z""","COMPLETED","true",,,,"26","ingenieria-tecnologia","Ingeniería, Tecnología y Sistemas","ingenieria-tecnologia","Ingeniería, Tecnología y Sistemas","35","rules-riasec-big-five-v1","Perfil asociado a resolver problemas técnicos, construir soluciones, analizar sistemas y aprender mediante experimentación práctica.","5","5","5","5","5","5","5","5","5","5","5","5","5","5","26","0","[{""value"": 5, ""dimension"": ""realista"", ""answered_at"": ""2026-05-26T19:18:22.856"", ""question_id"": 1, ""question_order"": 1}, {""value"": 5, ""dimension"": ""investigativo"", ""answered_at"": ""2026-05-26T19:18:29.688"", ""question_id"": 2, ""question_order"": 2}, {""value"": 5, ""dimension"": ""artistico"", ""answered_at"": ""2026-05-26T19:18:41.487"", ""question_id"": 3, ""question_order"": 3}, {""value"": 5, ""dimension"": ""social"", ""answered_at"": ""2026-05-26T19:19:21.986"", ""question_id"": 4, ""question_order"": 4}, {""value"": 5, ""dimension"": ""emprendedor"", ""answered_at"": ""2026-05-26T19:19:36.108"", ""question_id"": 5, ""question_order"": 5}, {""value"": 5, ""dimension"": ""convencional"", ""answered_at"": ""2026-05-26T19:19:45.975"", ""question_id"": 6, ""question_order"": 6}, {""value"": 5, ""dimension"": ""apertura"", ""answered_at"": ""2026-05-26T19:20:00.16"", ""question_id"": 7, ""question_order"": 7}, {""value"": 5, ""dimension"": ""responsabilidad"", ""answered_at"": ""2026-05-26T19:20:15.501"", ""question_id"": 8, ""question_order"": 8}, {""value"": 5, ""dimension"": ""extraversion"", ""answered_at"": ""2026-05-26T19:20:25.3"", ""question_id"": 9, ""question_order"": 9}, {""value"": 5, ""dimension"": ""amabilidad"", ""answered_at"": ""2026-05-26T19:20:36.399"", ""question_id"": 10, ""question_order"": 10}, {""value"": 5, ""dimension"": ""neuroticismo"", ""answered_at"": ""2026-05-26T19:20:48.602"", ""question_id"": 11, ""question_order"": 11}, {""value"": 5, ""dimension"": ""incertidumbre"", ""answered_at"": ""2026-05-26T19:20:55.801"", ""question_id"": 12, ""question_order"": 12}, {""value"": 5, ""dimension"": ""presion"", ""answered_at"": ""2026-05-26T19:21:05.13"", ""question_id"": 13, ""question_order"": 13}, {""value"": 5, ""dimension"": ""tolerancia"", ""answered_at"": ""2026-05-26T19:21:13.031"", ""question_id"": 14, ""question_order"": 14}, {""value"": 5, ""dimension"": ""neuroticismo"", ""answered_at"": ""2026-05-26T19:21:32.553"", ""question_id"": 25, ""question_order"": 15}, {""value"": 5, ""dimension"": ""tolerancia"", ""answered_at"": ""2026-05-26T19:21:34.891"", ""question_id"": 27, ""question_order"": 16}, {""value"": 5, ""dimension"": ""investigativo"", ""answered_at"": ""2026-05-26T19:21:37.008"", ""question_id"": 16, ""question_order"": 17}, {""value"": 5, ""dimension"": ""incertidumbre"", ""answered_at"": ""2026-05-26T19:21:38.913"", ""question_id"": 28, ""question_order"": 18}, {""value"": 5, ""dimension"": ""presion"", ""answered_at"": ""2026-05-26T19:21:40.813"", ""question_id"": 29, ""question_order"": 19}, {""value"": 5, ""dimension"": ""responsabilidad"", ""answered_at"": ""2026-05-26T19:21:43.631"", ""question_id"": 22, ""question_order"": 20}, {""value"": 5, ""dimension"": ""responsabilidad"", ""answered_at"": ""2026-05-26T19:21:45.766"", ""question_id"": 30, ""question_order"": 21}, {""value"": 5, ""dimension"": ""apertura"", ""answered_at"": ""2026-05-26T19:21:47.575"", ""question_id"": 21, ""question_order"": 22}, {""value"": 5, ""dimension"": ""social"", ""answered_at"": ""2026-05-26T19:21:49.378"", ""question_id"": 18, ""question_order"": 23}, {""value"": 5, ""dimension"": ""extraversion"", ""answered_at"": ""2026-05-26T19:21:51.357"", ""question_id"": 23, ""question_order"": 24}, {""value"": 5, ""dimension"": ""amabilidad"", ""answered_at"": ""2026-05-26T19:21:53.244"", ""question_id"": 24, ""question_order"": 25}, {""value"": 5, ""dimension"": ""emprendedor"", ""answered_at"": ""2026-05-26T19:21:56.362"", ""question_id"": 19, ""question_order"": 26}]",,
"0df80907-edf4-4e1d-826d-8ecf558e5cb7","P050","""2026-05-27T00:23:54.199Z""",,"IN_PROGRESS","true",,,,"16",,,,,,,,"5","5","4","4","4","4","4","4","5","4","3","4","5","4.5","16","0","[{""value"": 5, ""dimension"": ""realista"", ""answered_at"": ""2026-05-26T19:23:54.219"", ""question_id"": 1, ""question_order"": 1}, {""value"": 5, ""dimension"": ""investigativo"", ""answered_at"": ""2026-05-26T19:25:48.831"", ""question_id"": 2, ""question_order"": 2}, {""value"": 4, ""dimension"": ""artistico"", ""answered_at"": ""2026-05-26T19:26:23.795"", ""question_id"": 3, ""question_order"": 3}, {""value"": 4, ""dimension"": ""social"", ""answered_at"": ""2026-05-26T19:26:27.062"", ""question_id"": 4, ""question_order"": 4}, {""value"": 4, ""dimension"": ""emprendedor"", ""answered_at"": ""2026-05-26T19:26:33.579"", ""question_id"": 5, ""question_order"": 5}, {""value"": 4, ""dimension"": ""convencional"", ""answered_at"": ""2026-05-26T19:26:49.237"", ""question_id"": 6, ""question_order"": 6}, {""value"": 4, ""dimension"": ""apertura"", ""answered_at"": ""2026-05-26T19:26:58.261"", ""question_id"": 7, ""question_order"": 7}, {""value"": 4, ""dimension"": ""responsabilidad"", ""answered_at"": ""2026-05-26T19:27:03.61"", ""question_id"": 8, ""question_order"": 8}, {""value"": 5, ""dimension"": ""extraversion"", ""answered_at"": ""2026-05-26T19:27:10.521"", ""question_id"": 9, ""question_order"": 9}, {""value"": 4, ""dimension"": ""amabilidad"", ""answered_at"": ""2026-05-26T19:27:20.841"", ""question_id"": 10, ""question_order"": 10}, {""value"": 5, ""dimension"": ""neuroticismo"", ""answered_at"": ""2026-05-26T19:27:26.922"", ""question_id"": 11, ""question_order"": 11}, {""value"": 4, ""dimension"": ""incertidumbre"", ""answered_at"": ""2026-05-26T19:27:36.155"", ""question_id"": 12, ""question_order"": 12}, {""value"": 5, ""dimension"": ""presion"", ""answered_at"": ""2026-05-26T19:27:45.305"", ""question_id"": 13, ""question_order"": 13}, {""value"": 5, ""dimension"": ""tolerancia"", ""answered_at"": ""2026-05-26T19:27:48.37"", ""question_id"": 14, ""question_order"": 14}, {""value"": 1, ""dimension"": ""neuroticismo"", ""answered_at"": ""2026-05-26T19:28:07.17"", ""question_id"": 25, ""question_order"": 15}, {""value"": 4, ""dimension"": ""tolerancia"", ""answered_at"": ""2026-05-26T19:28:41.399"", ""question_id"": 27, ""question_order"": 16}]",,
"38b1c92c-9ef7-4361-b21e-34e3942f26d3","P051","""2026-05-27T02:08:33.270Z""","""2026-05-27T02:14:14.380Z""","COMPLETED","true",,,,"26","ingenieria-tecnologia","Ingeniería, Tecnología y Sistemas","ingenieria-tecnologia","Ingeniería, Tecnología y Sistemas","35","rules-riasec-big-five-v1","Perfil asociado a resolver problemas técnicos, construir soluciones, analizar sistemas y aprender mediante experimentación práctica.","4","4.5","5","4.5","3","4","4.5","4.33","4.5","4","4","2.5","2","4","26","0","[{""value"": 4, ""dimension"": ""realista"", ""answered_at"": ""2026-05-26T21:08:33.287"", ""question_id"": 1, ""question_order"": 1}, {""value"": 5, ""dimension"": ""investigativo"", ""answered_at"": ""2026-05-26T21:08:53.733"", ""question_id"": 2, ""question_order"": 2}, {""value"": 5, ""dimension"": ""artistico"", ""answered_at"": ""2026-05-26T21:09:01.477"", ""question_id"": 3, ""question_order"": 3}, {""value"": 4, ""dimension"": ""social"", ""answered_at"": ""2026-05-26T21:09:13.054"", ""question_id"": 4, ""question_order"": 4}, {""value"": 3, ""dimension"": ""emprendedor"", ""answered_at"": ""2026-05-26T21:09:21.117"", ""question_id"": 5, ""question_order"": 5}, {""value"": 4, ""dimension"": ""convencional"", ""answered_at"": ""2026-05-26T21:11:10.284"", ""question_id"": 6, ""question_order"": 6}, {""value"": 4, ""dimension"": ""apertura"", ""answered_at"": ""2026-05-26T21:11:16.921"", ""question_id"": 7, ""question_order"": 7}, {""value"": 5, ""dimension"": ""responsabilidad"", ""answered_at"": ""2026-05-26T21:11:23.315"", ""question_id"": 8, ""question_order"": 8}, {""value"": 5, ""dimension"": ""extraversion"", ""answered_at"": ""2026-05-26T21:11:27.962"", ""question_id"": 9, ""question_order"": 9}, {""value"": 4, ""dimension"": ""amabilidad"", ""answered_at"": ""2026-05-26T21:11:38.972"", ""question_id"": 10, ""question_order"": 10}, {""value"": 3, ""dimension"": ""neuroticismo"", ""answered_at"": ""2026-05-26T21:11:51.46"", ""question_id"": 11, ""question_order"": 11}, {""value"": 2, ""dimension"": ""incertidumbre"", ""answered_at"": ""2026-05-26T21:11:59.3"", ""question_id"": 12, ""question_order"": 12}, {""value"": 3, ""dimension"": ""presion"", ""answered_at"": ""2026-05-26T21:12:07.243"", ""question_id"": 13, ""question_order"": 13}, {""value"": 4, ""dimension"": ""tolerancia"", ""answered_at"": ""2026-05-26T21:12:16.956"", ""question_id"": 14, ""question_order"": 14}, {""value"": 4, ""dimension"": ""investigativo"", ""answered_at"": ""2026-05-26T21:12:29.587"", ""question_id"": 16, ""question_order"": 15}, {""value"": 4, ""dimension"": ""responsabilidad"", ""answered_at"": ""2026-05-26T21:12:36.041"", ""question_id"": 22, ""question_order"": 16}, {""value"": 5, ""dimension"": ""apertura"", ""answered_at"": ""2026-05-26T21:12:41.264"", ""question_id"": 21, ""question_order"": 17}, {""value"": 4, ""dimension"": ""tolerancia"", ""answered_at"": ""2026-05-26T21:12:48.786"", ""question_id"": 27, ""question_order"": 18}, {""value"": 4, ""dimension"": ""responsabilidad"", ""answered_at"": ""2026-05-26T21:12:55.158"", ""question_id"": 30, ""question_order"": 19}, {""value"": 5, ""dimension"": ""social"", ""answered_at"": ""2026-05-26T21:12:59.039"", ""question_id"": 18, ""question_order"": 20}, {""value"": 4, ""dimension"": ""extraversion"", ""answered_at"": ""2026-05-26T21:13:08.714"", ""question_id"": 23, ""question_order"": 21}, {""value"": 4, ""dimension"": ""amabilidad"", ""answered_at"": ""2026-05-26T21:13:16.16"", ""question_id"": 24, ""question_order"": 22}, {""value"": 3, ""dimension"": ""emprendedor"", ""answered_at"": ""2026-05-26T21:13:32.642"", ""question_id"": 19, ""question_order"": 23}, {""value"": 5, ""dimension"": ""neuroticismo"", ""answered_at"": ""2026-05-26T21:13:48.373"", ""question_id"": 25, ""question_order"": 24}, {""value"": 3, ""dimension"": ""incertidumbre"", ""answered_at"": ""2026-05-26T21:13:56.162"", ""question_id"": 28, ""question_order"": 25}, {""value"": 1, ""dimension"": ""presion"", ""answered_at"": ""2026-05-26T21:14:14.343"", ""question_id"": 29, ""question_order"": 26}]",,
"cea9041d-bccb-4ef9-89e1-719f6a3ad6e7","P052","""2026-05-27T02:13:51.235Z""","""2026-05-27T02:17:52.977Z""","COMPLETED","true",,,,"26","ingenieria-tecnologia","Ingeniería, Tecnología y Sistemas","ingenieria-tecnologia","Ingeniería, Tecnología y Sistemas","35","rules-riasec-big-five-v1","Perfil asociado a resolver problemas técnicos, construir soluciones, analizar sistemas y aprender mediante experimentación práctica.","5","5","5","4","5","5","5","5","5","5","3","3","5","5","26","0","[{""value"": 5, ""dimension"": ""realista"", ""answered_at"": ""2026-05-26T21:13:51.239"", ""question_id"": 1, ""question_order"": 1}, {""value"": 5, ""dimension"": ""investigativo"", ""answered_at"": ""2026-05-26T21:14:13.362"", ""question_id"": 2, ""question_order"": 2}, {""value"": 5, ""dimension"": ""artistico"", ""answered_at"": ""2026-05-26T21:14:17.155"", ""question_id"": 3, ""question_order"": 3}, {""value"": 3, ""dimension"": ""social"", ""answered_at"": ""2026-05-26T21:14:23.094"", ""question_id"": 4, ""question_order"": 4}, {""value"": 5, ""dimension"": ""emprendedor"", ""answered_at"": ""2026-05-26T21:14:27.939"", ""question_id"": 5, ""question_order"": 5}, {""value"": 5, ""dimension"": ""convencional"", ""answered_at"": ""2026-05-26T21:14:31.27"", ""question_id"": 6, ""question_order"": 6}, {""value"": 5, ""dimension"": ""apertura"", ""answered_at"": ""2026-05-26T21:14:34.005"", ""question_id"": 7, ""question_order"": 7}, {""value"": 5, ""dimension"": ""responsabilidad"", ""answered_at"": ""2026-05-26T21:14:39.225"", ""question_id"": 8, ""question_order"": 8}, {""value"": 5, ""dimension"": ""extraversion"", ""answered_at"": ""2026-05-26T21:14:43.954"", ""question_id"": 9, ""question_order"": 9}, {""value"": 5, ""dimension"": ""amabilidad"", ""answered_at"": ""2026-05-26T21:14:47.6"", ""question_id"": 10, ""question_order"": 10}, {""value"": 1, ""dimension"": ""neuroticismo"", ""answered_at"": ""2026-05-26T21:14:55.691"", ""question_id"": 11, ""question_order"": 11}, {""value"": 5, ""dimension"": ""incertidumbre"", ""answered_at"": ""2026-05-26T21:15:04.887"", ""question_id"": 12, ""question_order"": 12}, {""value"": 5, ""dimension"": ""presion"", ""answered_at"": ""2026-05-26T21:15:55.467"", ""question_id"": 13, ""question_order"": 13}, {""value"": 5, ""dimension"": ""tolerancia"", ""answered_at"": ""2026-05-26T21:16:22.276"", ""question_id"": 14, ""question_order"": 14}, {""value"": 5, ""dimension"": ""investigativo"", ""answered_at"": ""2026-05-26T21:16:57.634"", ""question_id"": 16, ""question_order"": 15}, {""value"": 5, ""dimension"": ""responsabilidad"", ""answered_at"": ""2026-05-26T21:17:01.217"", ""question_id"": 22, ""question_order"": 16}, {""value"": 5, ""dimension"": ""tolerancia"", ""answered_at"": ""2026-05-26T21:17:04.172"", ""question_id"": 27, ""question_order"": 17}, {""value"": 5, ""dimension"": ""responsabilidad"", ""answered_at"": ""2026-05-26T21:17:07.631"", ""question_id"": 30, ""question_order"": 18}, {""value"": 5, ""dimension"": ""apertura"", ""answered_at"": ""2026-05-26T21:17:12.23"", ""question_id"": 21, ""question_order"": 19}, {""value"": 5, ""dimension"": ""emprendedor"", ""answered_at"": ""2026-05-26T21:17:14.855"", ""question_id"": 19, ""question_order"": 20}, {""value"": 5, ""dimension"": ""extraversion"", ""answered_at"": ""2026-05-26T21:17:18.273"", ""question_id"": 23, ""question_order"": 21}, {""value"": 1, ""dimension"": ""incertidumbre"", ""answered_at"": ""2026-05-26T21:17:32.961"", ""question_id"": 28, ""question_order"": 22}, {""value"": 5, ""dimension"": ""amabilidad"", ""answered_at"": ""2026-05-26T21:17:39.075"", ""question_id"": 24, ""question_order"": 23}, {""value"": 5, ""dimension"": ""presion"", ""answered_at"": ""2026-05-26T21:17:43.226"", ""question_id"": 29, ""question_order"": 24}, {""value"": 5, ""dimension"": ""social"", ""answered_at"": ""2026-05-26T21:17:47.817"", ""question_id"": 18, ""question_order"": 25}, {""value"": 5, ""dimension"": ""neuroticismo"", ""answered_at"": ""2026-05-26T21:17:52.939"", ""question_id"": 25, ""question_order"": 26}]",,
"1d9a6ae6-2430-45b2-aa04-d647a3e4e037","P053","""2026-05-27T02:26:01.901Z""",,"IN_PROGRESS","true",,,,"1",,,,,,,,"5",,,,,,,,,,,,,,"1","0","[{""value"": 5, ""dimension"": ""realista"", ""answered_at"": ""2026-05-26T21:26:01.923"", ""question_id"": 1, ""question_order"": 1}]",,
"cbf016fd-d84e-40a8-a9f9-0491f201c992","P054","""2026-05-27T02:26:02.669Z""","""2026-05-27T02:32:22.653Z""","COMPLETED","true",,,,"26","ingenieria-tecnologia","Ingeniería, Tecnología y Sistemas","ingenieria-tecnologia","Ingeniería, Tecnología y Sistemas","35","rules-riasec-big-five-v1","Perfil asociado a resolver problemas técnicos, construir soluciones, analizar sistemas y aprender mediante experimentación práctica.","5","4.5","4.5","3.5","5","1","5","2","5","4.5","2.5","4.5","2.5","3.5","26","1","[{""value"": 5, ""dimension"": ""realista"", ""answered_at"": ""2026-05-26T21:26:02.675"", ""question_id"": 1, ""question_order"": 1}, {""value"": 5, ""dimension"": ""investigativo"", ""answered_at"": ""2026-05-26T21:26:13.932"", ""question_id"": 2, ""question_order"": 2}, {""value"": 5, ""dimension"": ""artistico"", ""answered_at"": ""2026-05-26T21:26:17.583"", ""question_id"": 3, ""question_order"": 3}, {""value"": 4, ""dimension"": ""social"", ""answered_at"": ""2026-05-26T21:26:43.305"", ""question_id"": 4, ""question_order"": 4}, {""value"": 5, ""dimension"": ""emprendedor"", ""answered_at"": ""2026-05-26T21:26:58.922"", ""question_id"": 5, ""question_order"": 5}, {""value"": 1, ""dimension"": ""convencional"", ""answered_at"": ""2026-05-26T21:27:07.332"", ""question_id"": 6, ""question_order"": 6}, {""value"": 5, ""dimension"": ""apertura"", ""answered_at"": ""2026-05-26T21:27:16.276"", ""question_id"": 7, ""question_order"": 7}, {""value"": 2, ""dimension"": ""responsabilidad"", ""answered_at"": ""2026-05-26T21:27:25.712"", ""question_id"": 8, ""question_order"": 8}, {""value"": 5, ""dimension"": ""extraversion"", ""answered_at"": ""2026-05-26T21:27:35.606"", ""question_id"": 9, ""question_order"": 9}, {""value"": 4, ""dimension"": ""amabilidad"", ""answered_at"": ""2026-05-26T21:27:58.427"", ""question_id"": 10, ""question_order"": 10}, {""value"": 3, ""dimension"": ""neuroticismo"", ""answered_at"": ""2026-05-26T21:28:12.918"", ""question_id"": 11, ""question_order"": 11}, {""value"": 5, ""dimension"": ""incertidumbre"", ""answered_at"": ""2026-05-26T21:28:23.165"", ""question_id"": 12, ""question_order"": 12}, {""value"": 2, ""dimension"": ""presion"", ""answered_at"": ""2026-05-26T21:28:32.645"", ""question_id"": 13, ""question_order"": 13}, {""value"": 5, ""dimension"": ""tolerancia"", ""answered_at"": ""2026-05-26T21:29:05.876"", ""question_id"": 14, ""question_order"": 14}, {""value"": 2, ""dimension"": ""tolerancia"", ""answered_at"": ""2026-05-26T21:29:24.955"", ""question_id"": 27, ""question_order"": 15}, {""value"": 4, ""dimension"": ""investigativo"", ""answered_at"": ""2026-05-26T21:30:40.841"", ""question_id"": 16, ""question_order"": 17}, {""value"": 5, ""dimension"": ""apertura"", ""answered_at"": ""2026-05-26T21:30:52.374"", ""question_id"": 21, ""question_order"": 18}, {""value"": 4, ""dimension"": ""incertidumbre"", ""answered_at"": ""2026-05-26T21:31:08.879"", ""question_id"": 28, ""question_order"": 19}, {""value"": 3, ""dimension"": ""social"", ""answered_at"": ""2026-05-26T21:31:22.377"", ""question_id"": 18, ""question_order"": 20}, {""value"": 4, ""dimension"": ""artistico"", ""answered_at"": ""2026-05-26T21:31:33.083"", ""question_id"": 17, ""question_order"": 21}, {""value"": 5, ""dimension"": ""extraversion"", ""answered_at"": ""2026-05-26T21:31:35.682"", ""question_id"": 23, ""question_order"": 22}, {""value"": 5, ""dimension"": ""amabilidad"", ""answered_at"": ""2026-05-26T21:31:43.207"", ""question_id"": 24, ""question_order"": 23}, {""value"": 2, ""dimension"": ""responsabilidad"", ""answered_at"": ""2026-05-26T21:31:46.28"", ""question_id"": 22, ""question_order"": 24}, {""value"": 2, ""dimension"": ""neuroticismo"", ""answered_at"": ""2026-05-26T21:31:57.235"", ""question_id"": 25, ""question_order"": 25}, {""value"": 3, ""dimension"": ""presion"", ""answered_at"": ""2026-05-26T21:32:08.593"", ""question_id"": 29, ""question_order"": 26}, {""value"": 5, ""dimension"": ""emprendedor"", ""answered_at"": ""2026-05-26T21:32:22.579"", ""question_id"": 19, ""question_order"": 27}]","Opción guiada: Diseñar la forma, distribución visual, espacio o composición de algo | Detalle: Depende del contexto","[{""trigger"": ""contrast"", ""answer_text"": ""Opción guiada: Diseñar la forma, distribución visual, espacio o composición de algo | Detalle: Depende del contexto"", ""answered_at"": ""2026-05-26T21:30:13.033"", ""question_id"": 202, ""answer_order"": 16}]"
"923ccf3f-2dbb-4cd7-bfec-e58d793bf859","P055","""2026-05-27T02:33:58.746Z""",,"IN_PROGRESS","true",,,,"1",,,,,,,,"5",,,,,,,,,,,,,,"1","0","[{""value"": 5, ""dimension"": ""realista"", ""answered_at"": ""2026-05-26T21:33:58.752"", ""question_id"": 1, ""question_order"": 1}]",,
"b1755cfa-ffb3-4247-9b79-2433dbe83782","P056","""2026-05-27T06:06:32.829Z""","""2026-05-27T06:11:48.008Z""","COMPLETED","true",,,,"27","ciencia-datos-investigacion","Ciencia, Datos e Investigación","ciencia-datos-investigacion","Ciencia, Datos e Investigación","35","rules-riasec-big-five-v1","Perfil orientado a formular preguntas, analizar evidencia, interpretar patrones y construir conocimiento verificable.","3","4.5","5","5","4","5","5","4","5","3.5","3.5","4.5","4","3.5","26","1","[{""value"": 3, ""dimension"": ""realista"", ""answered_at"": ""2026-05-27T01:06:32.849"", ""question_id"": 1, ""question_order"": 1}, {""value"": 4, ""dimension"": ""investigativo"", ""answered_at"": ""2026-05-27T01:06:56.684"", ""question_id"": 2, ""question_order"": 2}, {""value"": 5, ""dimension"": ""artistico"", ""answered_at"": ""2026-05-27T01:07:01.471"", ""question_id"": 3, ""question_order"": 3}, {""value"": 5, ""dimension"": ""social"", ""answered_at"": ""2026-05-27T01:07:12.46"", ""question_id"": 4, ""question_order"": 4}, {""value"": 4, ""dimension"": ""emprendedor"", ""answered_at"": ""2026-05-27T01:07:24.996"", ""question_id"": 5, ""question_order"": 5}, {""value"": 5, ""dimension"": ""convencional"", ""answered_at"": ""2026-05-27T01:07:29.717"", ""question_id"": 6, ""question_order"": 6}, {""value"": 5, ""dimension"": ""apertura"", ""answered_at"": ""2026-05-27T01:07:33.786"", ""question_id"": 7, ""question_order"": 7}, {""value"": 5, ""dimension"": ""responsabilidad"", ""answered_at"": ""2026-05-27T01:07:37.943"", ""question_id"": 8, ""question_order"": 8}, {""value"": 5, ""dimension"": ""extraversion"", ""answered_at"": ""2026-05-27T01:07:42.077"", ""question_id"": 9, ""question_order"": 9}, {""value"": 3, ""dimension"": ""amabilidad"", ""answered_at"": ""2026-05-27T01:07:49.548"", ""question_id"": 10, ""question_order"": 10}, {""value"": 2, ""dimension"": ""neuroticismo"", ""answered_at"": ""2026-05-27T01:07:58.089"", ""question_id"": 11, ""question_order"": 11}, {""value"": 4, ""dimension"": ""incertidumbre"", ""answered_at"": ""2026-05-27T01:08:07.765"", ""question_id"": 12, ""question_order"": 12}, {""value"": 4, ""dimension"": ""presion"", ""answered_at"": ""2026-05-27T01:08:19.751"", ""question_id"": 13, ""question_order"": 13}, {""value"": 2, ""dimension"": ""tolerancia"", ""answered_at"": ""2026-05-27T01:08:34.652"", ""question_id"": 14, ""question_order"": 14}, {""value"": 4, ""dimension"": ""emprendedor"", ""answered_at"": ""2026-05-27T01:09:21.683"", ""question_id"": 19, ""question_order"": 16}, {""value"": 4, ""dimension"": ""responsabilidad"", ""answered_at"": ""2026-05-27T01:09:25.136"", ""question_id"": 22, ""question_order"": 17}, {""value"": 5, ""dimension"": ""investigativo"", ""answered_at"": ""2026-05-27T01:09:28.819"", ""question_id"": 16, ""question_order"": 18}, {""value"": 5, ""dimension"": ""extraversion"", ""answered_at"": ""2026-05-27T01:09:32.494"", ""question_id"": 23, ""question_order"": 19}, {""value"": 5, ""dimension"": ""social"", ""answered_at"": ""2026-05-27T01:09:36.67"", ""question_id"": 18, ""question_order"": 20}, {""value"": 3, ""dimension"": ""responsabilidad"", ""answered_at"": ""2026-05-27T01:09:41.287"", ""question_id"": 30, ""question_order"": 21}, {""value"": 5, ""dimension"": ""apertura"", ""answered_at"": ""2026-05-27T01:09:45.322"", ""question_id"": 21, ""question_order"": 22}, {""value"": 5, ""dimension"": ""incertidumbre"", ""answered_at"": ""2026-05-27T01:09:49.385"", ""question_id"": 28, ""question_order"": 23}, {""value"": 4, ""dimension"": ""presion"", ""answered_at"": ""2026-05-27T01:10:00.119"", ""question_id"": 29, ""question_order"": 24}, {""value"": 5, ""dimension"": ""neuroticismo"", ""answered_at"": ""2026-05-27T01:10:09.04"", ""question_id"": 25, ""question_order"": 25}, {""value"": 5, ""dimension"": ""tolerancia"", ""answered_at"": ""2026-05-27T01:11:31.897"", ""question_id"": 27, ""question_order"": 26}, {""value"": 4, ""dimension"": ""amabilidad"", ""answered_at"": ""2026-05-27T01:11:47.954"", ""question_id"": 24, ""question_order"": 27}]","No lo tengo claro todavía.","[{""trigger"": ""contrast"", ""answer_text"": ""No lo tengo claro todavía."", ""answered_at"": ""2026-05-27T01:09:16.72"", ""question_id"": 201, ""answer_order"": 15}]"
"5f110752-dd9e-4717-98dd-656f6654e6a3","P057","""2026-05-27T06:13:13.524Z""","""2026-05-27T06:18:57.418Z""","COMPLETED","true",,,,"27","salud-apoyo-humano","Salud, Psicología y Apoyo Humano","salud-apoyo-humano","Salud, Psicología y Apoyo Humano","35.25","rules-riasec-big-five-v1","Perfil vinculado al cuidado, bienestar, acompañamiento, intervención y comprensión de necesidades humanas.","4","3.5","3","5","3.5","3.5","3","3.5","4.5","5","3.5","4.5","3.5","4","26","1","[{""value"": 4, ""dimension"": ""realista"", ""answered_at"": ""2026-05-27T01:13:13.528"", ""question_id"": 1, ""question_order"": 1}, {""value"": 4, ""dimension"": ""investigativo"", ""answered_at"": ""2026-05-27T01:13:35.911"", ""question_id"": 2, ""question_order"": 2}, {""value"": 3, ""dimension"": ""artistico"", ""answered_at"": ""2026-05-27T01:13:46.054"", ""question_id"": 3, ""question_order"": 3}, {""value"": 5, ""dimension"": ""social"", ""answered_at"": ""2026-05-27T01:13:56.281"", ""question_id"": 4, ""question_order"": 4}, {""value"": 4, ""dimension"": ""emprendedor"", ""answered_at"": ""2026-05-27T01:14:08.483"", ""question_id"": 5, ""question_order"": 5}, {""value"": 5, ""dimension"": ""convencional"", ""answered_at"": ""2026-05-27T01:14:17.274"", ""question_id"": 6, ""question_order"": 6}, {""value"": 3, ""dimension"": ""apertura"", ""answered_at"": ""2026-05-27T01:14:29.434"", ""question_id"": 7, ""question_order"": 7}, {""value"": 3, ""dimension"": ""responsabilidad"", ""answered_at"": ""2026-05-27T01:14:39.695"", ""question_id"": 8, ""question_order"": 8}, {""value"": 5, ""dimension"": ""extraversion"", ""answered_at"": ""2026-05-27T01:14:48.298"", ""question_id"": 9, ""question_order"": 9}, {""value"": 5, ""dimension"": ""amabilidad"", ""answered_at"": ""2026-05-27T01:14:58.957"", ""question_id"": 10, ""question_order"": 10}, {""value"": 4, ""dimension"": ""neuroticismo"", ""answered_at"": ""2026-05-27T01:15:07.3"", ""question_id"": 11, ""question_order"": 11}, {""value"": 4, ""dimension"": ""incertidumbre"", ""answered_at"": ""2026-05-27T01:15:19.768"", ""question_id"": 12, ""question_order"": 12}, {""value"": 3, ""dimension"": ""presion"", ""answered_at"": ""2026-05-27T01:15:36.565"", ""question_id"": 13, ""question_order"": 13}, {""value"": 4, ""dimension"": ""tolerancia"", ""answered_at"": ""2026-05-27T01:15:44.068"", ""question_id"": 14, ""question_order"": 14}, {""value"": 5, ""dimension"": ""social"", ""answered_at"": ""2026-05-27T01:16:45.288"", ""question_id"": 18, ""question_order"": 16}, {""value"": 4, ""dimension"": ""extraversion"", ""answered_at"": ""2026-05-27T01:16:56.533"", ""question_id"": 23, ""question_order"": 17}, {""value"": 3, ""dimension"": ""neuroticismo"", ""answered_at"": ""2026-05-27T01:17:12.381"", ""question_id"": 25, ""question_order"": 18}, {""value"": 4, ""dimension"": ""tolerancia"", ""answered_at"": ""2026-05-27T01:17:34.655"", ""question_id"": 27, ""question_order"": 19}, {""value"": 3, ""dimension"": ""investigativo"", ""answered_at"": ""2026-05-27T01:17:46.483"", ""question_id"": 16, ""question_order"": 20}, {""value"": 5, ""dimension"": ""amabilidad"", ""answered_at"": ""2026-05-27T01:18:02.965"", ""question_id"": 24, ""question_order"": 21}, {""value"": 5, ""dimension"": ""incertidumbre"", ""answered_at"": ""2026-05-27T01:18:13.051"", ""question_id"": 28, ""question_order"": 22}, {""value"": 3, ""dimension"": ""emprendedor"", ""answered_at"": ""2026-05-27T01:18:23.654"", ""question_id"": 19, ""question_order"": 23}, {""value"": 4, ""dimension"": ""presion"", ""answered_at"": ""2026-05-27T01:18:35.216"", ""question_id"": 29, ""question_order"": 24}, {""value"": 2, ""dimension"": ""convencional"", ""answered_at"": ""2026-05-27T01:18:39.328"", ""question_id"": 20, ""question_order"": 25}, {""value"": 4, ""dimension"": ""realista"", ""answered_at"": ""2026-05-27T01:18:44.369"", ""question_id"": 15, ""question_order"": 26}, {""value"": 4, ""dimension"": ""responsabilidad"", ""answered_at"": ""2026-05-27T01:18:57.369"", ""question_id"": 22, ""question_order"": 27}]","Opción guiada: Escuchar, acompañar y ayudar a ordenar lo que la persona siente | Detalle: Depende del contexto","[{""trigger"": ""contrast"", ""answer_text"": ""Opción guiada: Escuchar, acompañar y ayudar a ordenar lo que la persona siente | Detalle: Depende del contexto"", ""answered_at"": ""2026-05-27T01:16:35.269"", ""question_id"": 203, ""answer_order"": 15}]"
"0038145b-5721-4520-8e70-a361beeb1f05","P058","""2026-05-27T06:24:23.350Z""","""2026-05-27T06:31:50.093Z""","COMPLETED","true",,,,"29","salud-apoyo-humano","Salud, Psicología y Apoyo Humano","salud-apoyo-humano","Salud, Psicología y Apoyo Humano","38.75","rules-riasec-big-five-v1","Perfil vinculado al cuidado, bienestar, acompañamiento, intervención y comprensión de necesidades humanas.","3.5","2","1","3.5","2.5","2.5","1","3","2.5","3.5","4.5","3","3.5","3.5","26","3","[{""value"": 4, ""dimension"": ""realista"", ""answered_at"": ""2026-05-27T01:24:23.373"", ""question_id"": 1, ""question_order"": 1}, {""value"": 1, ""dimension"": ""investigativo"", ""answered_at"": ""2026-05-27T01:24:49.099"", ""question_id"": 2, ""question_order"": 2}, {""value"": 1, ""dimension"": ""artistico"", ""answered_at"": ""2026-05-27T01:24:59.899"", ""question_id"": 3, ""question_order"": 3}, {""value"": 5, ""dimension"": ""social"", ""answered_at"": ""2026-05-27T01:25:07.53"", ""question_id"": 4, ""question_order"": 4}, {""value"": 2, ""dimension"": ""emprendedor"", ""answered_at"": ""2026-05-27T01:25:19.36"", ""question_id"": 5, ""question_order"": 5}, {""value"": 3, ""dimension"": ""convencional"", ""answered_at"": ""2026-05-27T01:25:29.707"", ""question_id"": 6, ""question_order"": 6}, {""value"": 1, ""dimension"": ""apertura"", ""answered_at"": ""2026-05-27T01:25:38.595"", ""question_id"": 7, ""question_order"": 7}, {""value"": 2, ""dimension"": ""responsabilidad"", ""answered_at"": ""2026-05-27T01:25:50.622"", ""question_id"": 8, ""question_order"": 8}, {""value"": 3, ""dimension"": ""extraversion"", ""answered_at"": ""2026-05-27T01:26:01.333"", ""question_id"": 9, ""question_order"": 9}, {""value"": 4, ""dimension"": ""amabilidad"", ""answered_at"": ""2026-05-27T01:26:09.941"", ""question_id"": 10, ""question_order"": 10}, {""value"": 4, ""dimension"": ""neuroticismo"", ""answered_at"": ""2026-05-27T01:26:19.417"", ""question_id"": 11, ""question_order"": 11}, {""value"": 3, ""dimension"": ""incertidumbre"", ""answered_at"": ""2026-05-27T01:26:29.63"", ""question_id"": 12, ""question_order"": 12}, {""value"": 3, ""dimension"": ""presion"", ""answered_at"": ""2026-05-27T01:26:53.975"", ""question_id"": 13, ""question_order"": 13}, {""value"": 3, ""dimension"": ""tolerancia"", ""answered_at"": ""2026-05-27T01:27:07.486"", ""question_id"": 14, ""question_order"": 14}, {""value"": 5, ""dimension"": ""neuroticismo"", ""answered_at"": ""2026-05-27T01:28:27.832"", ""question_id"": 25, ""question_order"": 16}, {""value"": 4, ""dimension"": ""tolerancia"", ""answered_at"": ""2026-05-27T01:28:40.169"", ""question_id"": 27, ""question_order"": 17}, {""value"": 3, ""dimension"": ""realista"", ""answered_at"": ""2026-05-27T01:29:02.247"", ""question_id"": 15, ""question_order"": 18}, {""value"": 2, ""dimension"": ""social"", ""answered_at"": ""2026-05-27T01:29:10.07"", ""question_id"": 18, ""question_order"": 19}, {""value"": 3, ""dimension"": ""incertidumbre"", ""answered_at"": ""2026-05-27T01:29:20.274"", ""question_id"": 28, ""question_order"": 20}, {""value"": 4, ""dimension"": ""presion"", ""answered_at"": ""2026-05-27T01:29:29.552"", ""question_id"": 29, ""question_order"": 21}, {""value"": 3, ""dimension"": ""amabilidad"", ""answered_at"": ""2026-05-27T01:29:43.183"", ""question_id"": 24, ""question_order"": 22}, {""value"": 2, ""dimension"": ""extraversion"", ""answered_at"": ""2026-05-27T01:29:51.281"", ""question_id"": 23, ""question_order"": 23}, {""value"": 3, ""dimension"": ""investigativo"", ""answered_at"": ""2026-05-27T01:31:18.237"", ""question_id"": 16, ""question_order"": 26}, {""value"": 4, ""dimension"": ""responsabilidad"", ""answered_at"": ""2026-05-27T01:31:28.662"", ""question_id"": 22, ""question_order"": 27}, {""value"": 3, ""dimension"": ""emprendedor"", ""answered_at"": ""2026-05-27T01:31:35.773"", ""question_id"": 19, ""question_order"": 28}, {""value"": 2, ""dimension"": ""convencional"", ""answered_at"": ""2026-05-27T01:31:50.022"", ""question_id"": 20, ""question_order"": 29}]","Opción guiada: Escuchar, acompañar y ayudar a ordenar lo que la persona siente | Detalle: Me interesan varias cosas | Opción guiada: No sé qué carrera se parece más a mí | Opción guiada: Ayudar y acompañar personas","[{""trigger"": ""contrast"", ""answer_text"": ""Opción guiada: Escuchar, acompañar y ayudar a ordenar lo que la persona siente | Detalle: Me interesan varias cosas"", ""answered_at"": ""2026-05-27T01:28:15.016"", ""question_id"": 203, ""answer_order"": 15}, {""trigger"": ""uncertainty"", ""answer_text"": ""Opción guiada: No sé qué carrera se parece más a mí"", ""answered_at"": ""2026-05-27T01:30:17.986"", ""question_id"": 101, ""answer_order"": 24}, {""trigger"": ""motivation"", ""answer_text"": ""Opción guiada: Ayudar y acompañar personas"", ""answered_at"": ""2026-05-27T01:30:56.486"", ""question_id"": 104, ""answer_order"": 25}]"
"14abd389-3b8e-4fbb-be7b-2c41cd29ab5c","P059","""2026-05-27T06:26:54.265Z""","""2026-05-27T06:30:10.610Z""","COMPLETED","true",,,,"26","ingenieria-tecnologia","Ingeniería, Tecnología y Sistemas","ingenieria-tecnologia","Ingeniería, Tecnología y Sistemas","35","rules-riasec-big-five-v1","Perfil asociado a resolver problemas técnicos, construir soluciones, analizar sistemas y aprender mediante experimentación práctica.","4","4","3","5","4","4","4","3.5","4","4","3.5","4","3.5","4","26","0","[{""value"": 4, ""dimension"": ""realista"", ""answered_at"": ""2026-05-27T01:26:54.27"", ""question_id"": 1, ""question_order"": 1}, {""value"": 4, ""dimension"": ""investigativo"", ""answered_at"": ""2026-05-27T01:27:03.299"", ""question_id"": 2, ""question_order"": 2}, {""value"": 3, ""dimension"": ""artistico"", ""answered_at"": ""2026-05-27T01:27:09.354"", ""question_id"": 3, ""question_order"": 3}, {""value"": 5, ""dimension"": ""social"", ""answered_at"": ""2026-05-27T01:27:15.996"", ""question_id"": 4, ""question_order"": 4}, {""value"": 4, ""dimension"": ""emprendedor"", ""answered_at"": ""2026-05-27T01:27:23.734"", ""question_id"": 5, ""question_order"": 5}, {""value"": 4, ""dimension"": ""convencional"", ""answered_at"": ""2026-05-27T01:27:29.413"", ""question_id"": 6, ""question_order"": 6}, {""value"": 4, ""dimension"": ""apertura"", ""answered_at"": ""2026-05-27T01:27:34.49"", ""question_id"": 7, ""question_order"": 7}, {""value"": 3, ""dimension"": ""responsabilidad"", ""answered_at"": ""2026-05-27T01:27:41.962"", ""question_id"": 8, ""question_order"": 8}, {""value"": 4, ""dimension"": ""extraversion"", ""answered_at"": ""2026-05-27T01:27:52.854"", ""question_id"": 9, ""question_order"": 9}, {""value"": 4, ""dimension"": ""amabilidad"", ""answered_at"": ""2026-05-27T01:27:58.201"", ""question_id"": 10, ""question_order"": 10}, {""value"": 4, ""dimension"": ""neuroticismo"", ""answered_at"": ""2026-05-27T01:28:06.032"", ""question_id"": 11, ""question_order"": 11}, {""value"": 4, ""dimension"": ""incertidumbre"", ""answered_at"": ""2026-05-27T01:28:15.6"", ""question_id"": 12, ""question_order"": 12}, {""value"": 3, ""dimension"": ""presion"", ""answered_at"": ""2026-05-27T01:28:23.56"", ""question_id"": 13, ""question_order"": 13}, {""value"": 4, ""dimension"": ""tolerancia"", ""answered_at"": ""2026-05-27T01:28:32.741"", ""question_id"": 14, ""question_order"": 14}, {""value"": 3, ""dimension"": ""neuroticismo"", ""answered_at"": ""2026-05-27T01:28:43.878"", ""question_id"": 25, ""question_order"": 15}, {""value"": 4, ""dimension"": ""tolerancia"", ""answered_at"": ""2026-05-27T01:28:52.888"", ""question_id"": 27, ""question_order"": 16}, {""value"": 4, ""dimension"": ""investigativo"", ""answered_at"": ""2026-05-27T01:28:58.036"", ""question_id"": 16, ""question_order"": 17}, {""value"": 4, ""dimension"": ""incertidumbre"", ""answered_at"": ""2026-05-27T01:29:04.429"", ""question_id"": 28, ""question_order"": 18}, {""value"": 5, ""dimension"": ""social"", ""answered_at"": ""2026-05-27T01:29:14.951"", ""question_id"": 18, ""question_order"": 19}, {""value"": 4, ""dimension"": ""extraversion"", ""answered_at"": ""2026-05-27T01:29:20.438"", ""question_id"": 23, ""question_order"": 20}, {""value"": 4, ""dimension"": ""amabilidad"", ""answered_at"": ""2026-05-27T01:29:27.057"", ""question_id"": 24, ""question_order"": 21}, {""value"": 4, ""dimension"": ""presion"", ""answered_at"": ""2026-05-27T01:29:35.607"", ""question_id"": 29, ""question_order"": 22}, {""value"": 4, ""dimension"": ""emprendedor"", ""answered_at"": ""2026-05-27T01:29:42.735"", ""question_id"": 19, ""question_order"": 23}, {""value"": 4, ""dimension"": ""apertura"", ""answered_at"": ""2026-05-27T01:29:52.957"", ""question_id"": 21, ""question_order"": 24}, {""value"": 4, ""dimension"": ""realista"", ""answered_at"": ""2026-05-27T01:30:04.962"", ""question_id"": 15, ""question_order"": 25}, {""value"": 4, ""dimension"": ""responsabilidad"", ""answered_at"": ""2026-05-27T01:30:10.582"", ""question_id"": 22, ""question_order"": 26}]",,
"35d6e82b-bd44-4371-9ea5-85e8e0e3fefa","P060","""2026-05-27T06:38:20.357Z""","""2026-05-27T06:41:52.330Z""","COMPLETED","true",,,,"14","salud-apoyo-humano","Salud, Psicología y Apoyo Humano","salud-apoyo-humano","Salud, Psicología y Apoyo Humano","35","rules-riasec-big-five-v1","Perfil vinculado al cuidado, bienestar, acompañamiento, intervención y comprensión de necesidades humanas.","4","3","2","4","3","3","5","4","4","4","1","1","3","5","14","0","[{""value"": 4, ""dimension"": ""realista"", ""answered_at"": ""2026-05-27T01:38:20.386"", ""question_id"": 1, ""question_order"": 1}, {""value"": 3, ""dimension"": ""investigativo"", ""answered_at"": ""2026-05-27T01:38:50.878"", ""question_id"": 2, ""question_order"": 2}, {""value"": 2, ""dimension"": ""artistico"", ""answered_at"": ""2026-05-27T01:39:05.982"", ""question_id"": 3, ""question_order"": 3}, {""value"": 4, ""dimension"": ""social"", ""answered_at"": ""2026-05-27T01:39:17.972"", ""question_id"": 4, ""question_order"": 4}, {""value"": 3, ""dimension"": ""emprendedor"", ""answered_at"": ""2026-05-27T01:39:45.542"", ""question_id"": 5, ""question_order"": 5}, {""value"": 3, ""dimension"": ""convencional"", ""answered_at"": ""2026-05-27T01:39:55.725"", ""question_id"": 6, ""question_order"": 6}, {""value"": 5, ""dimension"": ""apertura"", ""answered_at"": ""2026-05-27T01:40:04.564"", ""question_id"": 7, ""question_order"": 7}, {""value"": 4, ""dimension"": ""responsabilidad"", ""answered_at"": ""2026-05-27T01:40:14.442"", ""question_id"": 8, ""question_order"": 8}, {""value"": 4, ""dimension"": ""extraversion"", ""answered_at"": ""2026-05-27T01:40:30.263"", ""question_id"": 9, ""question_order"": 9}, {""value"": 4, ""dimension"": ""amabilidad"", ""answered_at"": ""2026-05-27T01:40:48.696"", ""question_id"": 10, ""question_order"": 10}, {""value"": 1, ""dimension"": ""neuroticismo"", ""answered_at"": ""2026-05-27T01:41:06.766"", ""question_id"": 11, ""question_order"": 11}, {""value"": 1, ""dimension"": ""incertidumbre"", ""answered_at"": ""2026-05-27T01:41:20.296"", ""question_id"": 12, ""question_order"": 12}, {""value"": 3, ""dimension"": ""presion"", ""answered_at"": ""2026-05-27T01:41:37.554"", ""question_id"": 13, ""question_order"": 13}, {""value"": 5, ""dimension"": ""tolerancia"", ""answered_at"": ""2026-05-27T01:41:52.283"", ""question_id"": 14, ""question_order"": 14}]",,
"4b75b72e-5a82-4a2a-af70-d4a5293c9f0d","P061","""2026-05-27T06:46:03.332Z""",,"IN_PROGRESS","true",,,,"1",,,,,,,,"5",,,,,,,,,,,,,,"1","0","[{""value"": 5, ""dimension"": ""realista"", ""answered_at"": ""2026-05-27T01:46:03.338"", ""question_id"": 1, ""question_order"": 1}]",,
"10fe88a8-8b51-4dd8-8835-ac04b11b6b68","P062","""2026-05-27T06:46:03.881Z""",,"IN_PROGRESS","true",,,,"1",,,,,,,,"5",,,,,,,,,,,,,,"1","0","[{""value"": 5, ""dimension"": ""realista"", ""answered_at"": ""2026-05-27T01:46:03.885"", ""question_id"": 1, ""question_order"": 1}]",,
"2fcf603d-d0dc-438e-b25d-b3b7ee6e9018","P063","""2026-05-27T06:46:04.367Z""",,"IN_PROGRESS","true",,,,"1",,,,,,,,"5",,,,,,,,,,,,,,"1","0","[{""value"": 5, ""dimension"": ""realista"", ""answered_at"": ""2026-05-27T01:46:04.377"", ""question_id"": 1, ""question_order"": 1}]",,
"97d2d262-c6d0-48c1-820e-56af936b7abf","P064","""2026-05-27T06:46:04.799Z""",,"IN_PROGRESS","true",,,,"1",,,,,,,,"5",,,,,,,,,,,,,,"1","0","[{""value"": 5, ""dimension"": ""realista"", ""answered_at"": ""2026-05-27T01:46:04.804"", ""question_id"": 1, ""question_order"": 1}]",,
"e34768c9-ce4a-47dc-a781-b78a4d167d71","P065","""2026-05-27T06:46:05.212Z""",,"IN_PROGRESS","true",,,,"1",,,,,,,,"5",,,,,,,,,,,,,,"1","0","[{""value"": 5, ""dimension"": ""realista"", ""answered_at"": ""2026-05-27T01:46:05.217"", ""question_id"": 1, ""question_order"": 1}]",,
"b2b1c61d-4c80-434b-9948-69494762373d","P066","""2026-05-27T06:46:05.627Z""",,"IN_PROGRESS","true",,,,"1",,,,,,,,"5",,,,,,,,,,,,,,"1","0","[{""value"": 5, ""dimension"": ""realista"", ""answered_at"": ""2026-05-27T01:46:05.631"", ""question_id"": 1, ""question_order"": 1}]",,
"f452ba87-e8f8-491a-83cd-2298f3e8b263","P067","""2026-05-27T06:46:06.098Z""",,"IN_PROGRESS","true",,,,"1",,,,,,,,"5",,,,,,,,,,,,,,"1","0","[{""value"": 5, ""dimension"": ""realista"", ""answered_at"": ""2026-05-27T01:46:06.103"", ""question_id"": 1, ""question_order"": 1}]",,
"c6cbb8ea-8591-402a-b026-45aa5933841d","P068","""2026-05-27T06:46:06.491Z""",,"IN_PROGRESS","true",,,,"1",,,,,,,,"5",,,,,,,,,,,,,,"1","0","[{""value"": 5, ""dimension"": ""realista"", ""answered_at"": ""2026-05-27T01:46:06.495"", ""question_id"": 1, ""question_order"": 1}]",,
"264a7b11-d7ef-435c-822e-14ba179f7b0d","P069","""2026-05-27T06:46:06.993Z""",,"IN_PROGRESS","true",,,,"1",,,,,,,,"5",,,,,,,,,,,,,,"1","0","[{""value"": 5, ""dimension"": ""realista"", ""answered_at"": ""2026-05-27T01:46:06.998"", ""question_id"": 1, ""question_order"": 1}]",,
"42cfca30-8cf8-40f1-9f78-2f6d6761e04a","P070","""2026-05-27T06:46:07.452Z""",,"IN_PROGRESS","true",,,,"1",,,,,,,,"5",,,,,,,,,,,,,,"1","0","[{""value"": 5, ""dimension"": ""realista"", ""answered_at"": ""2026-05-27T01:46:07.456"", ""question_id"": 1, ""question_order"": 1}]",,
"06abafcb-2a99-4f56-b1e5-39b32ce224ee","P071","""2026-05-27T06:46:07.850Z""",,"IN_PROGRESS","true",,,,"1",,,,,,,,"5",,,,,,,,,,,,,,"1","0","[{""value"": 5, ""dimension"": ""realista"", ""answered_at"": ""2026-05-27T01:46:07.855"", ""question_id"": 1, ""question_order"": 1}]",,
"7496ef6c-df9e-4711-9a23-4500b8fe306a","P072","""2026-05-27T06:46:08.279Z""",,"IN_PROGRESS","true",,,,"1",,,,,,,,"5",,,,,,,,,,,,,,"1","0","[{""value"": 5, ""dimension"": ""realista"", ""answered_at"": ""2026-05-27T01:46:08.295"", ""question_id"": 1, ""question_order"": 1}]",,
"73d68acf-bd2a-4a32-bfbf-08b72c0172f5","P073","""2026-05-27T06:46:08.736Z""",,"IN_PROGRESS","true",,,,"1",,,,,,,,"5",,,,,,,,,,,,,,"1","0","[{""value"": 5, ""dimension"": ""realista"", ""answered_at"": ""2026-05-27T01:46:08.74"", ""question_id"": 1, ""question_order"": 1}]",,
"91d54b10-2f84-4cf8-8f2a-bfa15fc432c2","P074","""2026-05-27T06:46:09.156Z""",,"IN_PROGRESS","true",,,,"1",,,,,,,,"5",,,,,,,,,,,,,,"1","0","[{""value"": 5, ""dimension"": ""realista"", ""answered_at"": ""2026-05-27T01:46:09.161"", ""question_id"": 1, ""question_order"": 1}]",,
"39c8603e-abcc-4c2e-8f17-d22246a2e4d5","P075","""2026-05-27T06:46:09.551Z""",,"IN_PROGRESS","true",,,,"1",,,,,,,,"5",,,,,,,,,,,,,,"1","0","[{""value"": 5, ""dimension"": ""realista"", ""answered_at"": ""2026-05-27T01:46:09.555"", ""question_id"": 1, ""question_order"": 1}]",,
"a5439c82-6fae-443d-8b63-a3dffeb188f2","P076","""2026-05-27T06:46:09.928Z""",,"IN_PROGRESS","true",,,,"1",,,,,,,,"5",,,,,,,,,,,,,,"1","0","[{""value"": 5, ""dimension"": ""realista"", ""answered_at"": ""2026-05-27T01:46:09.932"", ""question_id"": 1, ""question_order"": 1}]",,
"23cd5179-bbeb-4f5f-8818-8581a51bcb89","P077","""2026-05-27T06:46:10.431Z""",,"IN_PROGRESS","true",,,,"1",,,,,,,,"5",,,,,,,,,,,,,,"1","0","[{""value"": 5, ""dimension"": ""realista"", ""answered_at"": ""2026-05-27T01:46:10.436"", ""question_id"": 1, ""question_order"": 1}]",,
"209258aa-d91e-4b2c-9cd1-294dd9738229","P078","""2026-05-27T06:46:10.831Z""",,"IN_PROGRESS","true",,,,"1",,,,,,,,"5",,,,,,,,,,,,,,"1","0","[{""value"": 5, ""dimension"": ""realista"", ""answered_at"": ""2026-05-27T01:46:10.835"", ""question_id"": 1, ""question_order"": 1}]",,
"f5d9c8f6-111b-4d75-b976-54317cb047e5","P079","""2026-05-27T06:46:11.237Z""",,"IN_PROGRESS","true",,,,"1",,,,,,,,"5",,,,,,,,,,,,,,"1","0","[{""value"": 5, ""dimension"": ""realista"", ""answered_at"": ""2026-05-27T01:46:11.242"", ""question_id"": 1, ""question_order"": 1}]",,
"4c876d9e-ab05-452f-af50-13aa350144f3","P080","""2026-05-27T06:46:11.648Z""",,"IN_PROGRESS","true",,,,"1",,,,,,,,"5",,,,,,,,,,,,,,"1","0","[{""value"": 5, ""dimension"": ""realista"", ""answered_at"": ""2026-05-27T01:46:11.653"", ""question_id"": 1, ""question_order"": 1}]",,
"a3a26cbb-fa1d-4889-a471-ad165a1cb9d4","P081","""2026-05-27T06:46:12.100Z""",,"IN_PROGRESS","true",,,,"1",,,,,,,,"5",,,,,,,,,,,,,,"1","0","[{""value"": 5, ""dimension"": ""realista"", ""answered_at"": ""2026-05-27T01:46:12.104"", ""question_id"": 1, ""question_order"": 1}]",,
"265d7aae-5945-469a-9b16-1ab4e98b10cf","P082","""2026-05-27T06:46:12.495Z""",,"IN_PROGRESS","true",,,,"1",,,,,,,,"5",,,,,,,,,,,,,,"1","0","[{""value"": 5, ""dimension"": ""realista"", ""answered_at"": ""2026-05-27T01:46:12.5"", ""question_id"": 1, ""question_order"": 1}]",,
"4017f592-d726-4cf8-86ee-be3bc4e252f1","P083","""2026-05-27T06:46:12.912Z""",,"IN_PROGRESS","true",,,,"2",,,,,,,,"5","5","5",,,,,,,,,,,,"3","0","[{""value"": 5, ""dimension"": ""realista"", ""answered_at"": ""2026-05-27T01:46:12.917"", ""question_id"": 1, ""question_order"": 1}, {""value"": 5, ""dimension"": ""investigativo"", ""answered_at"": ""2026-05-27T01:46:15.786"", ""question_id"": 2, ""question_order"": 2}, {""value"": 5, ""dimension"": ""artistico"", ""answered_at"": ""2026-05-27T01:46:33.432"", ""question_id"": 3, ""question_order"": 3}]",,
"a550e4f7-6ff6-43ee-b29a-9aa4845cdb44","P084","""2026-05-27T06:52:50.657Z""","""2026-05-27T07:00:53.536Z""","COMPLETED","true",,,,"28","ingenieria-tecnologia","Ingeniería, Tecnología y Sistemas","ingenieria-tecnologia","Ingeniería, Tecnología y Sistemas","41.25","rules-riasec-big-five-v1","Perfil asociado a resolver problemas técnicos, construir soluciones, analizar sistemas y aprender mediante experimentación práctica.","3.5","3.5","3","2","3.5","3","4","4","3","3","4.5","5","3.5","4","26","2","[{""value"": 4, ""dimension"": ""realista"", ""answered_at"": ""2026-05-27T01:52:50.661"", ""question_id"": 1, ""question_order"": 1}, {""value"": 5, ""dimension"": ""investigativo"", ""answered_at"": ""2026-05-27T01:53:05.263"", ""question_id"": 2, ""question_order"": 2}, {""value"": 3, ""dimension"": ""artistico"", ""answered_at"": ""2026-05-27T01:53:15.69"", ""question_id"": 3, ""question_order"": 3}, {""value"": 2, ""dimension"": ""social"", ""answered_at"": ""2026-05-27T01:53:23.149"", ""question_id"": 4, ""question_order"": 4}, {""value"": 3, ""dimension"": ""emprendedor"", ""answered_at"": ""2026-05-27T01:53:32.611"", ""question_id"": 5, ""question_order"": 5}, {""value"": 3, ""dimension"": ""convencional"", ""answered_at"": ""2026-05-27T01:54:15.486"", ""question_id"": 6, ""question_order"": 6}, {""value"": 5, ""dimension"": ""apertura"", ""answered_at"": ""2026-05-27T01:54:21.481"", ""question_id"": 7, ""question_order"": 7}, {""value"": 4, ""dimension"": ""responsabilidad"", ""answered_at"": ""2026-05-27T01:55:44.866"", ""question_id"": 8, ""question_order"": 8}, {""value"": 2, ""dimension"": ""extraversion"", ""answered_at"": ""2026-05-27T01:55:54.644"", ""question_id"": 9, ""question_order"": 9}, {""value"": 3, ""dimension"": ""amabilidad"", ""answered_at"": ""2026-05-27T01:56:05.354"", ""question_id"": 10, ""question_order"": 10}, {""value"": 4, ""dimension"": ""neuroticismo"", ""answered_at"": ""2026-05-27T01:56:13.754"", ""question_id"": 11, ""question_order"": 11}, {""value"": 5, ""dimension"": ""incertidumbre"", ""answered_at"": ""2026-05-27T01:56:19.977"", ""question_id"": 12, ""question_order"": 12}, {""value"": 5, ""dimension"": ""presion"", ""answered_at"": ""2026-05-27T01:56:26.422"", ""question_id"": 13, ""question_order"": 13}, {""value"": 3, ""dimension"": ""tolerancia"", ""answered_at"": ""2026-05-27T01:56:34.5"", ""question_id"": 14, ""question_order"": 14}, {""value"": 5, ""dimension"": ""neuroticismo"", ""answered_at"": ""2026-05-27T01:56:48.685"", ""question_id"": 25, ""question_order"": 15}, {""value"": 5, ""dimension"": ""incertidumbre"", ""answered_at"": ""2026-05-27T01:56:58.198"", ""question_id"": 28, ""question_order"": 16}, {""value"": 2, ""dimension"": ""presion"", ""answered_at"": ""2026-05-27T01:57:08.3"", ""question_id"": 29, ""question_order"": 17}, {""value"": 5, ""dimension"": ""tolerancia"", ""answered_at"": ""2026-05-27T01:57:17.364"", ""question_id"": 27, ""question_order"": 18}, {""value"": 2, ""dimension"": ""investigativo"", ""answered_at"": ""2026-05-27T01:59:05.862"", ""question_id"": 16, ""question_order"": 19}, {""value"": 3, ""dimension"": ""apertura"", ""answered_at"": ""2026-05-27T01:59:14.44"", ""question_id"": 21, ""question_order"": 20}, {""value"": 5, ""dimension"": ""responsabilidad"", ""answered_at"": ""2026-05-27T01:59:21.053"", ""question_id"": 22, ""question_order"": 21}, {""value"": 3, ""dimension"": ""responsabilidad"", ""answered_at"": ""2026-05-27T01:59:26.857"", ""question_id"": 30, ""question_order"": 22}, {""value"": 3, ""dimension"": ""realista"", ""answered_at"": ""2026-05-27T02:00:28.629"", ""question_id"": 15, ""question_order"": 25}, {""value"": 3, ""dimension"": ""artistico"", ""answered_at"": ""2026-05-27T02:00:36.913"", ""question_id"": 17, ""question_order"": 26}, {""value"": 4, ""dimension"": ""extraversion"", ""answered_at"": ""2026-05-27T02:00:43.282"", ""question_id"": 23, ""question_order"": 27}, {""value"": 4, ""dimension"": ""emprendedor"", ""answered_at"": ""2026-05-27T02:00:53.503"", ""question_id"": 19, ""question_order"": 28}]","Opción guiada: Me preocupa equivocarme | Opción guiada: Comprender cómo funcionan cosas o sistemas","[{""trigger"": ""uncertainty"", ""answer_text"": ""Opción guiada: Me preocupa equivocarme"", ""answered_at"": ""2026-05-27T01:59:50.815"", ""question_id"": 101, ""answer_order"": 23}, {""trigger"": ""motivation"", ""answer_text"": ""Opción guiada: Comprender cómo funcionan cosas o sistemas"", ""answered_at"": ""2026-05-27T02:00:16.922"", ""question_id"": 104, ""answer_order"": 24}]"
"22262fa1-c8ef-4b76-84db-a7c6a604f8c0","P085","""2026-05-27T06:57:19.698Z""","""2026-05-27T07:01:44.686Z""","COMPLETED","true",,,,"26","ingenieria-tecnologia","Ingeniería, Tecnología y Sistemas","ingenieria-tecnologia","Ingeniería, Tecnología y Sistemas","35","rules-riasec-big-five-v1","Perfil asociado a resolver problemas técnicos, construir soluciones, analizar sistemas y aprender mediante experimentación práctica.","5","4.5","5","5","5","4","5","4.33","5","5","5","2.5","4","4","26","0","[{""value"": 5, ""dimension"": ""realista"", ""answered_at"": ""2026-05-27T01:57:19.702"", ""question_id"": 1, ""question_order"": 1}, {""value"": 5, ""dimension"": ""investigativo"", ""answered_at"": ""2026-05-27T01:57:27.299"", ""question_id"": 2, ""question_order"": 2}, {""value"": 5, ""dimension"": ""artistico"", ""answered_at"": ""2026-05-27T01:57:33.27"", ""question_id"": 3, ""question_order"": 3}, {""value"": 5, ""dimension"": ""social"", ""answered_at"": ""2026-05-27T01:57:37.929"", ""question_id"": 4, ""question_order"": 4}, {""value"": 5, ""dimension"": ""emprendedor"", ""answered_at"": ""2026-05-27T01:57:49.294"", ""question_id"": 5, ""question_order"": 5}, {""value"": 4, ""dimension"": ""convencional"", ""answered_at"": ""2026-05-27T01:57:55.879"", ""question_id"": 6, ""question_order"": 6}, {""value"": 5, ""dimension"": ""apertura"", ""answered_at"": ""2026-05-27T01:58:05.874"", ""question_id"": 7, ""question_order"": 7}, {""value"": 4, ""dimension"": ""responsabilidad"", ""answered_at"": ""2026-05-27T01:58:10.624"", ""question_id"": 8, ""question_order"": 8}, {""value"": 5, ""dimension"": ""extraversion"", ""answered_at"": ""2026-05-27T01:59:10.149"", ""question_id"": 9, ""question_order"": 9}, {""value"": 5, ""dimension"": ""amabilidad"", ""answered_at"": ""2026-05-27T01:59:14.573"", ""question_id"": 10, ""question_order"": 10}, {""value"": 5, ""dimension"": ""neuroticismo"", ""answered_at"": ""2026-05-27T01:59:28.421"", ""question_id"": 11, ""question_order"": 11}, {""value"": 4, ""dimension"": ""incertidumbre"", ""answered_at"": ""2026-05-27T01:59:35.868"", ""question_id"": 12, ""question_order"": 12}, {""value"": 4, ""dimension"": ""presion"", ""answered_at"": ""2026-05-27T01:59:46.719"", ""question_id"": 13, ""question_order"": 13}, {""value"": 3, ""dimension"": ""tolerancia"", ""answered_at"": ""2026-05-27T01:59:59.02"", ""question_id"": 14, ""question_order"": 14}, {""value"": 5, ""dimension"": ""neuroticismo"", ""answered_at"": ""2026-05-27T02:00:03.643"", ""question_id"": 25, ""question_order"": 15}, {""value"": 1, ""dimension"": ""incertidumbre"", ""answered_at"": ""2026-05-27T02:00:14.497"", ""question_id"": 28, ""question_order"": 16}, {""value"": 4, ""dimension"": ""presion"", ""answered_at"": ""2026-05-27T02:00:24.789"", ""question_id"": 29, ""question_order"": 17}, {""value"": 5, ""dimension"": ""social"", ""answered_at"": ""2026-05-27T02:00:38.965"", ""question_id"": 18, ""question_order"": 18}, {""value"": 5, ""dimension"": ""extraversion"", ""answered_at"": ""2026-05-27T02:00:45.747"", ""question_id"": 23, ""question_order"": 19}, {""value"": 5, ""dimension"": ""amabilidad"", ""answered_at"": ""2026-05-27T02:00:51.026"", ""question_id"": 24, ""question_order"": 20}, {""value"": 5, ""dimension"": ""emprendedor"", ""answered_at"": ""2026-05-27T02:01:04.047"", ""question_id"": 19, ""question_order"": 21}, {""value"": 4, ""dimension"": ""responsabilidad"", ""answered_at"": ""2026-05-27T02:01:16.267"", ""question_id"": 22, ""question_order"": 22}, {""value"": 4, ""dimension"": ""investigativo"", ""answered_at"": ""2026-05-27T02:01:22.093"", ""question_id"": 16, ""question_order"": 23}, {""value"": 5, ""dimension"": ""responsabilidad"", ""answered_at"": ""2026-05-27T02:01:31.118"", ""question_id"": 30, ""question_order"": 24}, {""value"": 5, ""dimension"": ""apertura"", ""answered_at"": ""2026-05-27T02:01:38.482"", ""question_id"": 21, ""question_order"": 25}, {""value"": 5, ""dimension"": ""tolerancia"", ""answered_at"": ""2026-05-27T02:01:44.66"", ""question_id"": 27, ""question_order"": 26}]",,
"36a86128-0d2f-43a5-8a6e-54ce557c6c4e","P086","""2026-05-27T07:00:23.643Z""",,"IN_PROGRESS","true",,,,"3",,,,,,,,"5","5","5",,,,,,,,,,,,"3","0","[{""value"": 5, ""dimension"": ""realista"", ""answered_at"": ""2026-05-27T02:00:23.647"", ""question_id"": 1, ""question_order"": 1}, {""value"": 5, ""dimension"": ""investigativo"", ""answered_at"": ""2026-05-27T02:00:34.553"", ""question_id"": 2, ""question_order"": 2}, {""value"": 5, ""dimension"": ""artistico"", ""answered_at"": ""2026-05-27T02:00:43.6"", ""question_id"": 3, ""question_order"": 3}]",,
"984fdabc-9d12-4483-a0bd-2c1c28da408c","P087","""2026-05-27T07:03:28.804Z""","""2026-05-27T07:08:38.351Z""","COMPLETED","true",,,,"27","negocios-gestion","Negocios, Gestión y Emprendimiento","negocios-gestion","Negocios, Gestión y Emprendimiento","35","rules-riasec-big-five-v1","Perfil asociado a liderazgo, ventas, administración, estrategia, negociación y creación de proyectos.","3","3","4","3.5","4","4","3.5","3.33","3.5","3","4.5","4","3","3.5","26","1","[{""value"": 3, ""dimension"": ""realista"", ""answered_at"": ""2026-05-27T02:03:28.808"", ""question_id"": 1, ""question_order"": 1}, {""value"": 4, ""dimension"": ""investigativo"", ""answered_at"": ""2026-05-27T02:03:35.826"", ""question_id"": 2, ""question_order"": 2}, {""value"": 4, ""dimension"": ""artistico"", ""answered_at"": ""2026-05-27T02:03:40.719"", ""question_id"": 3, ""question_order"": 3}, {""value"": 4, ""dimension"": ""social"", ""answered_at"": ""2026-05-27T02:03:46.943"", ""question_id"": 4, ""question_order"": 4}, {""value"": 4, ""dimension"": ""emprendedor"", ""answered_at"": ""2026-05-27T02:03:56.519"", ""question_id"": 5, ""question_order"": 5}, {""value"": 5, ""dimension"": ""convencional"", ""answered_at"": ""2026-05-27T02:04:02.949"", ""question_id"": 6, ""question_order"": 6}, {""value"": 4, ""dimension"": ""apertura"", ""answered_at"": ""2026-05-27T02:04:09.023"", ""question_id"": 7, ""question_order"": 7}, {""value"": 3, ""dimension"": ""responsabilidad"", ""answered_at"": ""2026-05-27T02:04:22.93"", ""question_id"": 8, ""question_order"": 8}, {""value"": 4, ""dimension"": ""extraversion"", ""answered_at"": ""2026-05-27T02:04:29.405"", ""question_id"": 9, ""question_order"": 9}, {""value"": 3, ""dimension"": ""amabilidad"", ""answered_at"": ""2026-05-27T02:04:36.848"", ""question_id"": 10, ""question_order"": 10}, {""value"": 5, ""dimension"": ""neuroticismo"", ""answered_at"": ""2026-05-27T02:04:43.426"", ""question_id"": 11, ""question_order"": 11}, {""value"": 4, ""dimension"": ""incertidumbre"", ""answered_at"": ""2026-05-27T02:04:48.924"", ""question_id"": 12, ""question_order"": 12}, {""value"": 4, ""dimension"": ""presion"", ""answered_at"": ""2026-05-27T02:04:55.896"", ""question_id"": 13, ""question_order"": 13}, {""value"": 3, ""dimension"": ""tolerancia"", ""answered_at"": ""2026-05-27T02:05:57.261"", ""question_id"": 14, ""question_order"": 14}, {""value"": 4, ""dimension"": ""neuroticismo"", ""answered_at"": ""2026-05-27T02:06:32.699"", ""question_id"": 25, ""question_order"": 16}, {""value"": 4, ""dimension"": ""incertidumbre"", ""answered_at"": ""2026-05-27T02:06:45.94"", ""question_id"": 28, ""question_order"": 17}, {""value"": 2, ""dimension"": ""presion"", ""answered_at"": ""2026-05-27T02:06:51.037"", ""question_id"": 29, ""question_order"": 18}, {""value"": 4, ""dimension"": ""emprendedor"", ""answered_at"": ""2026-05-27T02:07:17.623"", ""question_id"": 19, ""question_order"": 19}, {""value"": 3, ""dimension"": ""extraversion"", ""answered_at"": ""2026-05-27T02:07:56.592"", ""question_id"": 23, ""question_order"": 20}, {""value"": 3, ""dimension"": ""social"", ""answered_at"": ""2026-05-27T02:08:03.265"", ""question_id"": 18, ""question_order"": 21}, {""value"": 4, ""dimension"": ""tolerancia"", ""answered_at"": ""2026-05-27T02:08:10.823"", ""question_id"": 27, ""question_order"": 22}, {""value"": 2, ""dimension"": ""investigativo"", ""answered_at"": ""2026-05-27T02:08:15.845"", ""question_id"": 16, ""question_order"": 23}, {""value"": 3, ""dimension"": ""apertura"", ""answered_at"": ""2026-05-27T02:08:22.213"", ""question_id"": 21, ""question_order"": 24}, {""value"": 3, ""dimension"": ""convencional"", ""answered_at"": ""2026-05-27T02:08:26.75"", ""question_id"": 20, ""question_order"": 25}, {""value"": 4, ""dimension"": ""responsabilidad"", ""answered_at"": ""2026-05-27T02:08:34.078"", ""question_id"": 22, ""question_order"": 26}, {""value"": 3, ""dimension"": ""responsabilidad"", ""answered_at"": ""2026-05-27T02:08:38.3"", ""question_id"": 30, ""question_order"": 27}]","Opción guiada: Probar cómo funciona algo, ajustarlo y comprobar si mejora","[{""trigger"": ""contrast"", ""answer_text"": ""Opción guiada: Probar cómo funciona algo, ajustarlo y comprobar si mejora"", ""answered_at"": ""2026-05-27T02:06:25.934"", ""question_id"": 201, ""answer_order"": 15}]"
"9971b215-180e-41ab-8274-5cd781da981e","P088","""2026-05-27T07:13:52.093Z""","""2026-05-27T07:18:27.252Z""","COMPLETED","true",,,,"26","ciencia-datos-investigacion","Ciencia, Datos e Investigación","ciencia-datos-investigacion","Ciencia, Datos e Investigación","35","rules-riasec-big-five-v1","Perfil orientado a formular preguntas, analizar evidencia, interpretar patrones y construir conocimiento verificable.","3","4","5","4","4","5","3","4.33","3.5","4","2","3","3","4","26","0","[{""value"": 3, ""dimension"": ""realista"", ""answered_at"": ""2026-05-27T02:13:52.097"", ""question_id"": 1, ""question_order"": 1}, {""value"": 4, ""dimension"": ""investigativo"", ""answered_at"": ""2026-05-27T02:14:34.886"", ""question_id"": 2, ""question_order"": 2}, {""value"": 5, ""dimension"": ""artistico"", ""answered_at"": ""2026-05-27T02:14:50.053"", ""question_id"": 3, ""question_order"": 3}, {""value"": 4, ""dimension"": ""social"", ""answered_at"": ""2026-05-27T02:14:56.193"", ""question_id"": 4, ""question_order"": 4}, {""value"": 4, ""dimension"": ""emprendedor"", ""answered_at"": ""2026-05-27T02:15:03.067"", ""question_id"": 5, ""question_order"": 5}, {""value"": 5, ""dimension"": ""convencional"", ""answered_at"": ""2026-05-27T02:15:09.181"", ""question_id"": 6, ""question_order"": 6}, {""value"": 3, ""dimension"": ""apertura"", ""answered_at"": ""2026-05-27T02:15:17.127"", ""question_id"": 7, ""question_order"": 7}, {""value"": 5, ""dimension"": ""responsabilidad"", ""answered_at"": ""2026-05-27T02:15:24.871"", ""question_id"": 8, ""question_order"": 8}, {""value"": 4, ""dimension"": ""extraversion"", ""answered_at"": ""2026-05-27T02:15:32.243"", ""question_id"": 9, ""question_order"": 9}, {""value"": 5, ""dimension"": ""amabilidad"", ""answered_at"": ""2026-05-27T02:15:40.824"", ""question_id"": 10, ""question_order"": 10}, {""value"": 2, ""dimension"": ""neuroticismo"", ""answered_at"": ""2026-05-27T02:15:49.878"", ""question_id"": 11, ""question_order"": 11}, {""value"": 3, ""dimension"": ""incertidumbre"", ""answered_at"": ""2026-05-27T02:15:57.676"", ""question_id"": 12, ""question_order"": 12}, {""value"": 3, ""dimension"": ""presion"", ""answered_at"": ""2026-05-27T02:16:06.978"", ""question_id"": 13, ""question_order"": 13}, {""value"": 4, ""dimension"": ""tolerancia"", ""answered_at"": ""2026-05-27T02:16:15.199"", ""question_id"": 14, ""question_order"": 14}, {""value"": 4, ""dimension"": ""emprendedor"", ""answered_at"": ""2026-05-27T02:16:26.819"", ""question_id"": 19, ""question_order"": 15}, {""value"": 4, ""dimension"": ""responsabilidad"", ""answered_at"": ""2026-05-27T02:16:35.545"", ""question_id"": 22, ""question_order"": 16}, {""value"": 4, ""dimension"": ""investigativo"", ""answered_at"": ""2026-05-27T02:16:43.723"", ""question_id"": 16, ""question_order"": 17}, {""value"": 3, ""dimension"": ""extraversion"", ""answered_at"": ""2026-05-27T02:16:58.706"", ""question_id"": 23, ""question_order"": 18}, {""value"": 4, ""dimension"": ""social"", ""answered_at"": ""2026-05-27T02:17:06.56"", ""question_id"": 18, ""question_order"": 19}, {""value"": 4, ""dimension"": ""responsabilidad"", ""answered_at"": ""2026-05-27T02:17:23.245"", ""question_id"": 30, ""question_order"": 20}, {""value"": 3, ""dimension"": ""amabilidad"", ""answered_at"": ""2026-05-27T02:17:34.329"", ""question_id"": 24, ""question_order"": 21}, {""value"": 4, ""dimension"": ""tolerancia"", ""answered_at"": ""2026-05-27T02:17:40.844"", ""question_id"": 27, ""question_order"": 22}, {""value"": 5, ""dimension"": ""artistico"", ""answered_at"": ""2026-05-27T02:17:53.054"", ""question_id"": 17, ""question_order"": 23}, {""value"": 2, ""dimension"": ""neuroticismo"", ""answered_at"": ""2026-05-27T02:18:08.54"", ""question_id"": 25, ""question_order"": 24}, {""value"": 3, ""dimension"": ""incertidumbre"", ""answered_at"": ""2026-05-27T02:18:16.274"", ""question_id"": 28, ""question_order"": 25}, {""value"": 3, ""dimension"": ""presion"", ""answered_at"": ""2026-05-27T02:18:27.189"", ""question_id"": 29, ""question_order"": 26}]",,
"3ee708bc-c8a6-40dc-b509-aed2308a5e90","P089","""2026-05-27T07:25:37.168Z""","""2026-05-27T07:28:08.970Z""","COMPLETED","true",,,,"26","ingenieria-tecnologia","Ingeniería, Tecnología y Sistemas","ingenieria-tecnologia","Ingeniería, Tecnología y Sistemas","35","rules-riasec-big-five-v1","Perfil asociado a resolver problemas técnicos, construir soluciones, analizar sistemas y aprender mediante experimentación práctica.","5","5","5","5","5","4","5","4.67","5","5","4.5","2.5","3","5","26","0","[{""value"": 5, ""dimension"": ""realista"", ""answered_at"": ""2026-05-27T02:25:37.199"", ""question_id"": 1, ""question_order"": 1}, {""value"": 5, ""dimension"": ""investigativo"", ""answered_at"": ""2026-05-27T02:25:41.611"", ""question_id"": 2, ""question_order"": 2}, {""value"": 5, ""dimension"": ""artistico"", ""answered_at"": ""2026-05-27T02:25:46.34"", ""question_id"": 3, ""question_order"": 3}, {""value"": 5, ""dimension"": ""social"", ""answered_at"": ""2026-05-27T02:25:49.483"", ""question_id"": 4, ""question_order"": 4}, {""value"": 5, ""dimension"": ""emprendedor"", ""answered_at"": ""2026-05-27T02:25:52.766"", ""question_id"": 5, ""question_order"": 5}, {""value"": 4, ""dimension"": ""convencional"", ""answered_at"": ""2026-05-27T02:25:56.909"", ""question_id"": 6, ""question_order"": 6}, {""value"": 5, ""dimension"": ""apertura"", ""answered_at"": ""2026-05-27T02:26:00.376"", ""question_id"": 7, ""question_order"": 7}, {""value"": 4, ""dimension"": ""responsabilidad"", ""answered_at"": ""2026-05-27T02:26:03.629"", ""question_id"": 8, ""question_order"": 8}, {""value"": 5, ""dimension"": ""extraversion"", ""answered_at"": ""2026-05-27T02:26:06.56"", ""question_id"": 9, ""question_order"": 9}, {""value"": 5, ""dimension"": ""amabilidad"", ""answered_at"": ""2026-05-27T02:26:09.898"", ""question_id"": 10, ""question_order"": 10}, {""value"": 4, ""dimension"": ""neuroticismo"", ""answered_at"": ""2026-05-27T02:26:36.25"", ""question_id"": 11, ""question_order"": 11}, {""value"": 4, ""dimension"": ""incertidumbre"", ""answered_at"": ""2026-05-27T02:26:45.936"", ""question_id"": 12, ""question_order"": 12}, {""value"": 3, ""dimension"": ""presion"", ""answered_at"": ""2026-05-27T02:27:02.603"", ""question_id"": 13, ""question_order"": 13}, {""value"": 5, ""dimension"": ""tolerancia"", ""answered_at"": ""2026-05-27T02:27:09.267"", ""question_id"": 14, ""question_order"": 14}, {""value"": 5, ""dimension"": ""social"", ""answered_at"": ""2026-05-27T02:27:18.273"", ""question_id"": 18, ""question_order"": 15}, {""value"": 5, ""dimension"": ""extraversion"", ""answered_at"": ""2026-05-27T02:27:20.33"", ""question_id"": 23, ""question_order"": 16}, {""value"": 5, ""dimension"": ""amabilidad"", ""answered_at"": ""2026-05-27T02:27:22.324"", ""question_id"": 24, ""question_order"": 17}, {""value"": 5, ""dimension"": ""tolerancia"", ""answered_at"": ""2026-05-27T02:27:25.672"", ""question_id"": 27, ""question_order"": 18}, {""value"": 5, ""dimension"": ""investigativo"", ""answered_at"": ""2026-05-27T02:27:29.276"", ""question_id"": 16, ""question_order"": 19}, {""value"": 5, ""dimension"": ""neuroticismo"", ""answered_at"": ""2026-05-27T02:27:32.191"", ""question_id"": 25, ""question_order"": 20}, {""value"": 1, ""dimension"": ""incertidumbre"", ""answered_at"": ""2026-05-27T02:27:37.056"", ""question_id"": 28, ""question_order"": 21}, {""value"": 5, ""dimension"": ""responsabilidad"", ""answered_at"": ""2026-05-27T02:27:47.348"", ""question_id"": 22, ""question_order"": 22}, {""value"": 5, ""dimension"": ""responsabilidad"", ""answered_at"": ""2026-05-27T02:27:49.688"", ""question_id"": 30, ""question_order"": 23}, {""value"": 5, ""dimension"": ""apertura"", ""answered_at"": ""2026-05-27T02:27:52.824"", ""question_id"": 21, ""question_order"": 24}, {""value"": 5, ""dimension"": ""emprendedor"", ""answered_at"": ""2026-05-27T02:27:56.409"", ""question_id"": 19, ""question_order"": 25}, {""value"": 3, ""dimension"": ""presion"", ""answered_at"": ""2026-05-27T02:28:08.9"", ""question_id"": 29, ""question_order"": 26}]",,
"38663468-5b10-4f69-b12c-9b60d4561900","P090","""2026-05-27T07:39:47.048Z""","""2026-05-27T07:44:30.484Z""","COMPLETED","true",,,,"26","ingenieria-tecnologia","Ingeniería, Tecnología y Sistemas","ingenieria-tecnologia","Ingeniería, Tecnología y Sistemas","35","rules-riasec-big-five-v1","Perfil asociado a resolver problemas técnicos, construir soluciones, analizar sistemas y aprender mediante experimentación práctica.","4","4","3.5","4","4","4","3","4","4","4","4","3","3.5","4.5","26","0","[{""value"": 4, ""dimension"": ""realista"", ""answered_at"": ""2026-05-27T02:39:47.062"", ""question_id"": 1, ""question_order"": 1}, {""value"": 4, ""dimension"": ""investigativo"", ""answered_at"": ""2026-05-27T02:39:57.54"", ""question_id"": 2, ""question_order"": 2}, {""value"": 3, ""dimension"": ""artistico"", ""answered_at"": ""2026-05-27T02:40:06.302"", ""question_id"": 3, ""question_order"": 3}, {""value"": 4, ""dimension"": ""social"", ""answered_at"": ""2026-05-27T02:40:18.801"", ""question_id"": 4, ""question_order"": 4}, {""value"": 4, ""dimension"": ""emprendedor"", ""answered_at"": ""2026-05-27T02:40:24.073"", ""question_id"": 5, ""question_order"": 5}, {""value"": 4, ""dimension"": ""convencional"", ""answered_at"": ""2026-05-27T02:40:28.345"", ""question_id"": 6, ""question_order"": 6}, {""value"": 3, ""dimension"": ""apertura"", ""answered_at"": ""2026-05-27T02:40:32.359"", ""question_id"": 7, ""question_order"": 7}, {""value"": 4, ""dimension"": ""responsabilidad"", ""answered_at"": ""2026-05-27T02:40:53.085"", ""question_id"": 8, ""question_order"": 8}, {""value"": 4, ""dimension"": ""extraversion"", ""answered_at"": ""2026-05-27T02:41:19.321"", ""question_id"": 9, ""question_order"": 9}, {""value"": 4, ""dimension"": ""amabilidad"", ""answered_at"": ""2026-05-27T02:41:25.238"", ""question_id"": 10, ""question_order"": 10}, {""value"": 4, ""dimension"": ""neuroticismo"", ""answered_at"": ""2026-05-27T02:41:44.293"", ""question_id"": 11, ""question_order"": 11}, {""value"": 3, ""dimension"": ""incertidumbre"", ""answered_at"": ""2026-05-27T02:42:13.596"", ""question_id"": 12, ""question_order"": 12}, {""value"": 3, ""dimension"": ""presion"", ""answered_at"": ""2026-05-27T02:42:31.746"", ""question_id"": 13, ""question_order"": 13}, {""value"": 4, ""dimension"": ""tolerancia"", ""answered_at"": ""2026-05-27T02:43:24.678"", ""question_id"": 14, ""question_order"": 14}, {""value"": 4, ""dimension"": ""neuroticismo"", ""answered_at"": ""2026-05-27T02:43:31.122"", ""question_id"": 25, ""question_order"": 15}, {""value"": 5, ""dimension"": ""tolerancia"", ""answered_at"": ""2026-05-27T02:43:33.337"", ""question_id"": 27, ""question_order"": 16}, {""value"": 4, ""dimension"": ""investigativo"", ""answered_at"": ""2026-05-27T02:43:40.816"", ""question_id"": 16, ""question_order"": 17}, {""value"": 4, ""dimension"": ""responsabilidad"", ""answered_at"": ""2026-05-27T02:43:44.663"", ""question_id"": 22, ""question_order"": 18}, {""value"": 4, ""dimension"": ""responsabilidad"", ""answered_at"": ""2026-05-27T02:43:47.776"", ""question_id"": 30, ""question_order"": 19}, {""value"": 4, ""dimension"": ""social"", ""answered_at"": ""2026-05-27T02:43:51.008"", ""question_id"": 18, ""question_order"": 20}, {""value"": 4, ""dimension"": ""extraversion"", ""answered_at"": ""2026-05-27T02:43:56.478"", ""question_id"": 23, ""question_order"": 21}, {""value"": 4, ""dimension"": ""amabilidad"", ""answered_at"": ""2026-05-27T02:44:02.272"", ""question_id"": 24, ""question_order"": 22}, {""value"": 4, ""dimension"": ""emprendedor"", ""answered_at"": ""2026-05-27T02:44:07.878"", ""question_id"": 19, ""question_order"": 23}, {""value"": 3, ""dimension"": ""incertidumbre"", ""answered_at"": ""2026-05-27T02:44:13.984"", ""question_id"": 28, ""question_order"": 24}, {""value"": 4, ""dimension"": ""presion"", ""answered_at"": ""2026-05-27T02:44:23.334"", ""question_id"": 29, ""question_order"": 25}, {""value"": 4, ""dimension"": ""artistico"", ""answered_at"": ""2026-05-27T02:44:30.446"", ""question_id"": 17, ""question_order"": 26}]",,
"2a05339c-0e3f-4faf-9db7-c53c76f653ee","P091","""2026-05-27T17:47:29.498Z""","""2026-05-27T17:52:17.332Z""","COMPLETED","true",,,,"29","ingenieria-tecnologia","Ingeniería, Tecnología y Sistemas","ingenieria-tecnologia","Ingeniería, Tecnología y Sistemas","35","rules-riasec-big-five-v1","Perfil asociado a resolver problemas técnicos, construir soluciones, analizar sistemas y aprender mediante experimentación práctica.","4","4.5","4.5","5","5","5","4","4.33","5","5","4.5","1","5","4","26","3","[{""value"": 4, ""dimension"": ""realista"", ""answered_at"": ""2026-05-27T12:47:29.513"", ""question_id"": 1, ""question_order"": 1}, {""value"": 4, ""dimension"": ""investigativo"", ""answered_at"": ""2026-05-27T12:48:20.481"", ""question_id"": 2, ""question_order"": 2}, {""value"": 4, ""dimension"": ""artistico"", ""answered_at"": ""2026-05-27T12:48:26.604"", ""question_id"": 3, ""question_order"": 3}, {""value"": 5, ""dimension"": ""social"", ""answered_at"": ""2026-05-27T12:48:35.469"", ""question_id"": 4, ""question_order"": 4}, {""value"": 5, ""dimension"": ""emprendedor"", ""answered_at"": ""2026-05-27T12:48:41.481"", ""question_id"": 5, ""question_order"": 5}, {""value"": 5, ""dimension"": ""convencional"", ""answered_at"": ""2026-05-27T12:48:49.249"", ""question_id"": 6, ""question_order"": 6}, {""value"": 4, ""dimension"": ""apertura"", ""answered_at"": ""2026-05-27T12:48:54.708"", ""question_id"": 7, ""question_order"": 7}, {""value"": 3, ""dimension"": ""responsabilidad"", ""answered_at"": ""2026-05-27T12:49:07.774"", ""question_id"": 8, ""question_order"": 8}, {""value"": 5, ""dimension"": ""extraversion"", ""answered_at"": ""2026-05-27T12:49:14.629"", ""question_id"": 9, ""question_order"": 9}, {""value"": 5, ""dimension"": ""amabilidad"", ""answered_at"": ""2026-05-27T12:49:20.018"", ""question_id"": 10, ""question_order"": 10}, {""value"": 4, ""dimension"": ""neuroticismo"", ""answered_at"": ""2026-05-27T12:49:28.282"", ""question_id"": 11, ""question_order"": 11}, {""value"": 1, ""dimension"": ""incertidumbre"", ""answered_at"": ""2026-05-27T12:49:34.953"", ""question_id"": 12, ""question_order"": 12}, {""value"": 5, ""dimension"": ""presion"", ""answered_at"": ""2026-05-27T12:49:54.2"", ""question_id"": 13, ""question_order"": 13}, {""value"": 3, ""dimension"": ""tolerancia"", ""answered_at"": ""2026-05-27T12:50:00.813"", ""question_id"": 14, ""question_order"": 14}, {""value"": 4, ""dimension"": ""apertura"", ""answered_at"": ""2026-05-27T12:51:28.153"", ""question_id"": 21, ""question_order"": 18}, {""value"": 5, ""dimension"": ""artistico"", ""answered_at"": ""2026-05-27T12:51:52.759"", ""question_id"": 17, ""question_order"": 19}, {""value"": 5, ""dimension"": ""social"", ""answered_at"": ""2026-05-27T12:51:55.715"", ""question_id"": 18, ""question_order"": 20}, {""value"": 5, ""dimension"": ""extraversion"", ""answered_at"": ""2026-05-27T12:51:57.962"", ""question_id"": 23, ""question_order"": 21}, {""value"": 5, ""dimension"": ""amabilidad"", ""answered_at"": ""2026-05-27T12:52:00.137"", ""question_id"": 24, ""question_order"": 22}, {""value"": 5, ""dimension"": ""emprendedor"", ""answered_at"": ""2026-05-27T12:52:02.243"", ""question_id"": 19, ""question_order"": 23}, {""value"": 5, ""dimension"": ""neuroticismo"", ""answered_at"": ""2026-05-27T12:52:04.343"", ""question_id"": 25, ""question_order"": 24}, {""value"": 5, ""dimension"": ""presion"", ""answered_at"": ""2026-05-27T12:52:06.891"", ""question_id"": 29, ""question_order"": 25}, {""value"": 5, ""dimension"": ""responsabilidad"", ""answered_at"": ""2026-05-27T12:52:09.765"", ""question_id"": 22, ""question_order"": 26}, {""value"": 5, ""dimension"": ""investigativo"", ""answered_at"": ""2026-05-27T12:52:11.881"", ""question_id"": 16, ""question_order"": 27}, {""value"": 5, ""dimension"": ""responsabilidad"", ""answered_at"": ""2026-05-27T12:52:14.957"", ""question_id"": 30, ""question_order"": 28}, {""value"": 5, ""dimension"": ""tolerancia"", ""answered_at"": ""2026-05-27T12:52:17.298"", ""question_id"": 27, ""question_order"": 29}]","Opción guiada: Me atraen ambas formas de ayuda y tendría que probarlas | Detalle: Me cuesta imaginarlo | Opción guiada: Crear una historia, pieza expresiva, música, video o mensaje creativo | Opción guiada: Coordinar al grupo, repartir tareas y ayudar a que todos avancen","[{""trigger"": ""contrast"", ""answer_text"": ""Opción guiada: Me atraen ambas formas de ayuda y tendría que probarlas | Detalle: Me cuesta imaginarlo"", ""answered_at"": ""2026-05-27T12:50:38.085"", ""question_id"": 203, ""answer_order"": 15}, {""trigger"": ""contrast"", ""answer_text"": ""Opción guiada: Crear una historia, pieza expresiva, música, video o mensaje creativo"", ""answered_at"": ""2026-05-27T12:51:02.742"", ""question_id"": 202, ""answer_order"": 16}, {""trigger"": ""contrast"", ""answer_text"": ""Opción guiada: Coordinar al grupo, repartir tareas y ayudar a que todos avancen"", ""answered_at"": ""2026-05-27T12:51:21.359"", ""question_id"": 204, ""answer_order"": 17}]"
"69563b2b-0890-43c8-bec3-fe1f4b791843","P092","""2026-05-27T19:46:29.885Z""","""2026-05-27T19:55:38.600Z""","COMPLETED","true",,,,"27","ingenieria-tecnologia","Ingeniería, Tecnología y Sistemas","ingenieria-tecnologia","Ingeniería, Tecnología y Sistemas","35","rules-riasec-big-five-v1","Perfil asociado a resolver problemas técnicos, construir soluciones, analizar sistemas y aprender mediante experimentación práctica.","4","3.5","3.5","4","5","4","3","4","3","5","4.5","4","4","4","26","1","[{""value"": 4, ""dimension"": ""realista"", ""answered_at"": ""2026-05-27T14:46:29.907"", ""question_id"": 1, ""question_order"": 1}, {""value"": 4, ""dimension"": ""investigativo"", ""answered_at"": ""2026-05-27T14:46:51.223"", ""question_id"": 2, ""question_order"": 2}, {""value"": 4, ""dimension"": ""artistico"", ""answered_at"": ""2026-05-27T14:47:04.324"", ""question_id"": 3, ""question_order"": 3}, {""value"": 4, ""dimension"": ""social"", ""answered_at"": ""2026-05-27T14:47:39.403"", ""question_id"": 4, ""question_order"": 4}, {""value"": 5, ""dimension"": ""emprendedor"", ""answered_at"": ""2026-05-27T14:47:48.821"", ""question_id"": 5, ""question_order"": 5}, {""value"": 4, ""dimension"": ""convencional"", ""answered_at"": ""2026-05-27T14:48:31.627"", ""question_id"": 6, ""question_order"": 6}, {""value"": 3, ""dimension"": ""apertura"", ""answered_at"": ""2026-05-27T14:50:06.221"", ""question_id"": 7, ""question_order"": 7}, {""value"": 4, ""dimension"": ""responsabilidad"", ""answered_at"": ""2026-05-27T14:50:15.756"", ""question_id"": 8, ""question_order"": 8}, {""value"": 3, ""dimension"": ""extraversion"", ""answered_at"": ""2026-05-27T14:50:33.844"", ""question_id"": 9, ""question_order"": 9}, {""value"": 5, ""dimension"": ""amabilidad"", ""answered_at"": ""2026-05-27T14:51:12.36"", ""question_id"": 10, ""question_order"": 10}, {""value"": 5, ""dimension"": ""neuroticismo"", ""answered_at"": ""2026-05-27T14:51:34.43"", ""question_id"": 11, ""question_order"": 11}, {""value"": 4, ""dimension"": ""incertidumbre"", ""answered_at"": ""2026-05-27T14:51:45.766"", ""question_id"": 12, ""question_order"": 12}, {""value"": 4, ""dimension"": ""presion"", ""answered_at"": ""2026-05-27T14:51:54.085"", ""question_id"": 13, ""question_order"": 13}, {""value"": 4, ""dimension"": ""tolerancia"", ""answered_at"": ""2026-05-27T14:52:04.124"", ""question_id"": 14, ""question_order"": 14}, {""value"": 4, ""dimension"": ""neuroticismo"", ""answered_at"": ""2026-05-27T14:52:18.594"", ""question_id"": 25, ""question_order"": 15}, {""value"": 4, ""dimension"": ""tolerancia"", ""answered_at"": ""2026-05-27T14:52:46.306"", ""question_id"": 27, ""question_order"": 16}, {""value"": 3, ""dimension"": ""investigativo"", ""answered_at"": ""2026-05-27T14:53:33.218"", ""question_id"": 16, ""question_order"": 17}, {""value"": 4, ""dimension"": ""incertidumbre"", ""answered_at"": ""2026-05-27T14:54:02.01"", ""question_id"": 28, ""question_order"": 19}, {""value"": 4, ""dimension"": ""presion"", ""answered_at"": ""2026-05-27T14:54:10.017"", ""question_id"": 29, ""question_order"": 20}, {""value"": 4, ""dimension"": ""social"", ""answered_at"": ""2026-05-27T14:54:43.371"", ""question_id"": 18, ""question_order"": 21}, {""value"": 5, ""dimension"": ""amabilidad"", ""answered_at"": ""2026-05-27T14:54:53.109"", ""question_id"": 24, ""question_order"": 22}, {""value"": 5, ""dimension"": ""emprendedor"", ""answered_at"": ""2026-05-27T14:54:58.404"", ""question_id"": 19, ""question_order"": 23}, {""value"": 4, ""dimension"": ""responsabilidad"", ""answered_at"": ""2026-05-27T14:55:10.037"", ""question_id"": 22, ""question_order"": 24}, {""value"": 4, ""dimension"": ""responsabilidad"", ""answered_at"": ""2026-05-27T14:55:18.397"", ""question_id"": 30, ""question_order"": 25}, {""value"": 3, ""dimension"": ""extraversion"", ""answered_at"": ""2026-05-27T14:55:28.959"", ""question_id"": 23, ""question_order"": 26}, {""value"": 3, ""dimension"": ""artistico"", ""answered_at"": ""2026-05-27T14:55:38.568"", ""question_id"": 17, ""question_order"": 27}]","Opción guiada: Coordinar al grupo, repartir tareas y ayudar a que todos avancen","[{""trigger"": ""contrast"", ""answer_text"": ""Opción guiada: Coordinar al grupo, repartir tareas y ayudar a que todos avancen"", ""answered_at"": ""2026-05-27T14:53:54.063"", ""question_id"": 204, ""answer_order"": 18}]"
"5e75fb8f-6cfc-41a2-8f2b-d229b39c9010","P093","""2026-05-27T20:24:24.595Z""","""2026-05-27T20:28:22.767Z""","COMPLETED","true",,,,"26","ingenieria-tecnologia","Ingeniería, Tecnología y Sistemas","ingenieria-tecnologia","Ingeniería, Tecnología y Sistemas","35","rules-riasec-big-five-v1","Perfil asociado a resolver problemas técnicos, construir soluciones, analizar sistemas y aprender mediante experimentación práctica.","5","4","5","5","5","5","5","5","5","4.5","2.5","3","4","5","26","0","[{""value"": 5, ""dimension"": ""realista"", ""answered_at"": ""2026-05-27T15:24:24.61"", ""question_id"": 1, ""question_order"": 1}, {""value"": 4, ""dimension"": ""investigativo"", ""answered_at"": ""2026-05-27T15:24:34.154"", ""question_id"": 2, ""question_order"": 2}, {""value"": 5, ""dimension"": ""artistico"", ""answered_at"": ""2026-05-27T15:24:41.241"", ""question_id"": 3, ""question_order"": 3}, {""value"": 5, ""dimension"": ""social"", ""answered_at"": ""2026-05-27T15:24:48.336"", ""question_id"": 4, ""question_order"": 4}, {""value"": 5, ""dimension"": ""emprendedor"", ""answered_at"": ""2026-05-27T15:24:54.354"", ""question_id"": 5, ""question_order"": 5}, {""value"": 5, ""dimension"": ""convencional"", ""answered_at"": ""2026-05-27T15:25:00.278"", ""question_id"": 6, ""question_order"": 6}, {""value"": 5, ""dimension"": ""apertura"", ""answered_at"": ""2026-05-27T15:25:06.499"", ""question_id"": 7, ""question_order"": 7}, {""value"": 5, ""dimension"": ""responsabilidad"", ""answered_at"": ""2026-05-27T15:25:16.392"", ""question_id"": 8, ""question_order"": 8}, {""value"": 5, ""dimension"": ""extraversion"", ""answered_at"": ""2026-05-27T15:25:23.365"", ""question_id"": 9, ""question_order"": 9}, {""value"": 4, ""dimension"": ""amabilidad"", ""answered_at"": ""2026-05-27T15:25:30.802"", ""question_id"": 10, ""question_order"": 10}, {""value"": 2, ""dimension"": ""neuroticismo"", ""answered_at"": ""2026-05-27T15:25:43.999"", ""question_id"": 11, ""question_order"": 11}, {""value"": 2, ""dimension"": ""incertidumbre"", ""answered_at"": ""2026-05-27T15:25:56.287"", ""question_id"": 12, ""question_order"": 12}, {""value"": 4, ""dimension"": ""presion"", ""answered_at"": ""2026-05-27T15:26:05.087"", ""question_id"": 13, ""question_order"": 13}, {""value"": 5, ""dimension"": ""tolerancia"", ""answered_at"": ""2026-05-27T15:26:15.799"", ""question_id"": 14, ""question_order"": 14}, {""value"": 5, ""dimension"": ""apertura"", ""answered_at"": ""2026-05-27T15:26:23.442"", ""question_id"": 21, ""question_order"": 15}, {""value"": 5, ""dimension"": ""responsabilidad"", ""answered_at"": ""2026-05-27T15:26:41.039"", ""question_id"": 22, ""question_order"": 16}, {""value"": 4, ""dimension"": ""investigativo"", ""answered_at"": ""2026-05-27T15:27:01.457"", ""question_id"": 16, ""question_order"": 17}, {""value"": 5, ""dimension"": ""tolerancia"", ""answered_at"": ""2026-05-27T15:27:14.146"", ""question_id"": 27, ""question_order"": 18}, {""value"": 5, ""dimension"": ""responsabilidad"", ""answered_at"": ""2026-05-27T15:27:21.983"", ""question_id"": 30, ""question_order"": 19}, {""value"": 5, ""dimension"": ""emprendedor"", ""answered_at"": ""2026-05-27T15:27:29.333"", ""question_id"": 19, ""question_order"": 20}, {""value"": 5, ""dimension"": ""extraversion"", ""answered_at"": ""2026-05-27T15:27:34.542"", ""question_id"": 23, ""question_order"": 21}, {""value"": 5, ""dimension"": ""social"", ""answered_at"": ""2026-05-27T15:27:40.993"", ""question_id"": 18, ""question_order"": 22}, {""value"": 5, ""dimension"": ""amabilidad"", ""answered_at"": ""2026-05-27T15:27:51.123"", ""question_id"": 24, ""question_order"": 23}, {""value"": 4, ""dimension"": ""presion"", ""answered_at"": ""2026-05-27T15:28:03.355"", ""question_id"": 29, ""question_order"": 24}, {""value"": 3, ""dimension"": ""neuroticismo"", ""answered_at"": ""2026-05-27T15:28:12.709"", ""question_id"": 25, ""question_order"": 25}, {""value"": 4, ""dimension"": ""incertidumbre"", ""answered_at"": ""2026-05-27T15:28:22.725"", ""question_id"": 28, ""question_order"": 26}]",,
"1d483881-037a-4e70-9f5a-5a0f93cf27a9","P094","""2026-05-30T04:08:53.790Z""","""2026-05-30T04:11:15.621Z""","COMPLETED","true",,,,"26","ingenieria-tecnologia","Ingeniería, Tecnología y Sistemas","ingenieria-tecnologia","Ingeniería, Tecnología y Sistemas","35","rules-riasec-big-five-v1","Perfil asociado a resolver problemas técnicos, construir soluciones, analizar sistemas y aprender mediante experimentación práctica.","5","5","4","4","4","5","4.5","5","4.5","5","4.5","5","4.5","4.5","26","0","[{""value"": 5, ""dimension"": ""realista"", ""answered_at"": ""2026-05-29T23:08:53.801"", ""question_id"": 1, ""question_order"": 1}, {""value"": 5, ""dimension"": ""investigativo"", ""answered_at"": ""2026-05-29T23:08:55.667"", ""question_id"": 2, ""question_order"": 2}, {""value"": 4, ""dimension"": ""artistico"", ""answered_at"": ""2026-05-29T23:09:01.764"", ""question_id"": 3, ""question_order"": 3}, {""value"": 4, ""dimension"": ""social"", ""answered_at"": ""2026-05-29T23:09:06.357"", ""question_id"": 4, ""question_order"": 4}, {""value"": 3, ""dimension"": ""emprendedor"", ""answered_at"": ""2026-05-29T23:09:13.363"", ""question_id"": 5, ""question_order"": 5}, {""value"": 5, ""dimension"": ""convencional"", ""answered_at"": ""2026-05-29T23:09:19.338"", ""question_id"": 6, ""question_order"": 6}, {""value"": 4, ""dimension"": ""apertura"", ""answered_at"": ""2026-05-29T23:09:23.942"", ""question_id"": 7, ""question_order"": 7}, {""value"": 5, ""dimension"": ""responsabilidad"", ""answered_at"": ""2026-05-29T23:09:32.77"", ""question_id"": 8, ""question_order"": 8}, {""value"": 5, ""dimension"": ""extraversion"", ""answered_at"": ""2026-05-29T23:09:40.86"", ""question_id"": 9, ""question_order"": 9}, {""value"": 5, ""dimension"": ""amabilidad"", ""answered_at"": ""2026-05-29T23:09:41.572"", ""question_id"": 10, ""question_order"": 10}, {""value"": 5, ""dimension"": ""neuroticismo"", ""answered_at"": ""2026-05-29T23:09:48.546"", ""question_id"": 11, ""question_order"": 11}, {""value"": 5, ""dimension"": ""incertidumbre"", ""answered_at"": ""2026-05-29T23:09:53.638"", ""question_id"": 12, ""question_order"": 12}, {""value"": 5, ""dimension"": ""presion"", ""answered_at"": ""2026-05-29T23:09:59.042"", ""question_id"": 13, ""question_order"": 13}, {""value"": 4, ""dimension"": ""tolerancia"", ""answered_at"": ""2026-05-29T23:10:08.159"", ""question_id"": 14, ""question_order"": 14}, {""value"": 4, ""dimension"": ""neuroticismo"", ""answered_at"": ""2026-05-29T23:10:16.641"", ""question_id"": 25, ""question_order"": 15}, {""value"": 5, ""dimension"": ""tolerancia"", ""answered_at"": ""2026-05-29T23:10:21.932"", ""question_id"": 27, ""question_order"": 16}, {""value"": 5, ""dimension"": ""investigativo"", ""answered_at"": ""2026-05-29T23:10:27.694"", ""question_id"": 16, ""question_order"": 17}, {""value"": 5, ""dimension"": ""incertidumbre"", ""answered_at"": ""2026-05-29T23:10:33.752"", ""question_id"": 28, ""question_order"": 18}, {""value"": 4, ""dimension"": ""presion"", ""answered_at"": ""2026-05-29T23:10:38.142"", ""question_id"": 29, ""question_order"": 19}, {""value"": 5, ""dimension"": ""responsabilidad"", ""answered_at"": ""2026-05-29T23:10:43.076"", ""question_id"": 22, ""question_order"": 20}, {""value"": 5, ""dimension"": ""responsabilidad"", ""answered_at"": ""2026-05-29T23:10:51.717"", ""question_id"": 30, ""question_order"": 21}, {""value"": 4, ""dimension"": ""social"", ""answered_at"": ""2026-05-29T23:10:56.821"", ""question_id"": 18, ""question_order"": 22}, {""value"": 4, ""dimension"": ""extraversion"", ""answered_at"": ""2026-05-29T23:11:02.293"", ""question_id"": 23, ""question_order"": 23}, {""value"": 5, ""dimension"": ""amabilidad"", ""answered_at"": ""2026-05-29T23:11:07.695"", ""question_id"": 24, ""question_order"": 24}, {""value"": 5, ""dimension"": ""apertura"", ""answered_at"": ""2026-05-29T23:11:12.708"", ""question_id"": 21, ""question_order"": 25}, {""value"": 5, ""dimension"": ""emprendedor"", ""answered_at"": ""2026-05-29T23:11:15.588"", ""question_id"": 19, ""question_order"": 26}]",,
"2a585a44-43c1-40db-a868-0a680129dd10","P095","""2026-06-04T23:24:17.074Z""","""2026-06-04T23:30:47.844Z""","COMPLETED","true",,,,"27","salud-apoyo-humano","Salud, Psicología y Apoyo Humano","salud-apoyo-humano","Salud, Psicología y Apoyo Humano","35","rules-riasec-big-five-v1","Perfil vinculado al cuidado, bienestar, acompañamiento, intervención y comprensión de necesidades humanas.","3","3","2","3.5","3","5","3.5","4","4","4.5","5","5","4.5","3.5","26","1","[{""value"": 3, ""dimension"": ""realista"", ""answered_at"": ""2026-06-04T18:24:17.112"", ""question_id"": 1, ""question_order"": 1}, {""value"": 4, ""dimension"": ""investigativo"", ""answered_at"": ""2026-06-04T18:24:29.19"", ""question_id"": 2, ""question_order"": 2}, {""value"": 2, ""dimension"": ""artistico"", ""answered_at"": ""2026-06-04T18:24:52.986"", ""question_id"": 3, ""question_order"": 3}, {""value"": 5, ""dimension"": ""social"", ""answered_at"": ""2026-06-04T18:24:58.872"", ""question_id"": 4, ""question_order"": 4}, {""value"": 3, ""dimension"": ""emprendedor"", ""answered_at"": ""2026-06-04T18:25:09.48"", ""question_id"": 5, ""question_order"": 5}, {""value"": 5, ""dimension"": ""convencional"", ""answered_at"": ""2026-06-04T18:25:30.593"", ""question_id"": 6, ""question_order"": 6}, {""value"": 4, ""dimension"": ""apertura"", ""answered_at"": ""2026-06-04T18:25:44.566"", ""question_id"": 7, ""question_order"": 7}, {""value"": 4, ""dimension"": ""responsabilidad"", ""answered_at"": ""2026-06-04T18:26:01.239"", ""question_id"": 8, ""question_order"": 8}, {""value"": 4, ""dimension"": ""extraversion"", ""answered_at"": ""2026-06-04T18:26:16.248"", ""question_id"": 9, ""question_order"": 9}, {""value"": 4, ""dimension"": ""amabilidad"", ""answered_at"": ""2026-06-04T18:26:49.482"", ""question_id"": 10, ""question_order"": 10}, {""value"": 5, ""dimension"": ""neuroticismo"", ""answered_at"": ""2026-06-04T18:26:55.654"", ""question_id"": 11, ""question_order"": 11}, {""value"": 5, ""dimension"": ""incertidumbre"", ""answered_at"": ""2026-06-04T18:27:03.321"", ""question_id"": 12, ""question_order"": 12}, {""value"": 5, ""dimension"": ""presion"", ""answered_at"": ""2026-06-04T18:27:10.309"", ""question_id"": 13, ""question_order"": 13}, {""value"": 4, ""dimension"": ""tolerancia"", ""answered_at"": ""2026-06-04T18:27:15.82"", ""question_id"": 14, ""question_order"": 14}, {""value"": 5, ""dimension"": ""neuroticismo"", ""answered_at"": ""2026-06-04T18:28:22.676"", ""question_id"": 25, ""question_order"": 16}, {""value"": 3, ""dimension"": ""tolerancia"", ""answered_at"": ""2026-06-04T18:28:58.878"", ""question_id"": 27, ""question_order"": 17}, {""value"": 2, ""dimension"": ""investigativo"", ""answered_at"": ""2026-06-04T18:29:29.681"", ""question_id"": 16, ""question_order"": 18}, {""value"": 5, ""dimension"": ""incertidumbre"", ""answered_at"": ""2026-06-04T18:29:36.681"", ""question_id"": 28, ""question_order"": 19}, {""value"": 4, ""dimension"": ""presion"", ""answered_at"": ""2026-06-04T18:29:44.063"", ""question_id"": 29, ""question_order"": 20}, {""value"": 2, ""dimension"": ""social"", ""answered_at"": ""2026-06-04T18:29:50.475"", ""question_id"": 18, ""question_order"": 21}, {""value"": 5, ""dimension"": ""responsabilidad"", ""answered_at"": ""2026-06-04T18:30:02.139"", ""question_id"": 22, ""question_order"": 22}, {""value"": 4, ""dimension"": ""extraversion"", ""answered_at"": ""2026-06-04T18:30:13.076"", ""question_id"": 23, ""question_order"": 23}, {""value"": 3, ""dimension"": ""responsabilidad"", ""answered_at"": ""2026-06-04T18:30:20.346"", ""question_id"": 30, ""question_order"": 24}, {""value"": 5, ""dimension"": ""amabilidad"", ""answered_at"": ""2026-06-04T18:30:26.147"", ""question_id"": 24, ""question_order"": 25}, {""value"": 3, ""dimension"": ""apertura"", ""answered_at"": ""2026-06-04T18:30:36.501"", ""question_id"": 21, ""question_order"": 26}, {""value"": 3, ""dimension"": ""emprendedor"", ""answered_at"": ""2026-06-04T18:30:47.778"", ""question_id"": 19, ""question_order"": 27}]","Opción guiada: Probar cómo funciona algo, ajustarlo y comprobar si mejora | Detalle: Depende del contexto","[{""trigger"": ""contrast"", ""answer_text"": ""Opción guiada: Probar cómo funciona algo, ajustarlo y comprobar si mejora | Detalle: Depende del contexto"", ""answered_at"": ""2026-06-04T18:27:49.284"", ""question_id"": 201, ""answer_order"": 15}]"
"245db482-6840-42e5-b287-a3f8bbcc0d09","P096","""2026-06-15T13:14:35.497Z""",,"IN_PROGRESS","true",,,,"1",,,,,,,,"3",,,,,,,,,,,,,,"1","0","[{""value"": 3, ""dimension"": ""realista"", ""answered_at"": ""2026-06-15T08:14:35.512"", ""question_id"": 1, ""question_order"": 1}]",,
"4696ee52-5fec-4c2e-9e39-64449df4204b","P097","""2026-06-15T13:14:35.940Z""",,"IN_PROGRESS","true",,,,"14",,,,,,,,"3","4","3","4","4","4","4","3","3","3","3","4","4","4","14","0","[{""value"": 3, ""dimension"": ""realista"", ""answered_at"": ""2026-06-15T08:14:35.943"", ""question_id"": 1, ""question_order"": 1}, {""value"": 4, ""dimension"": ""investigativo"", ""answered_at"": ""2026-06-15T08:14:45.323"", ""question_id"": 2, ""question_order"": 2}, {""value"": 3, ""dimension"": ""artistico"", ""answered_at"": ""2026-06-15T08:14:54.389"", ""question_id"": 3, ""question_order"": 3}, {""value"": 4, ""dimension"": ""social"", ""answered_at"": ""2026-06-15T08:15:02.396"", ""question_id"": 4, ""question_order"": 4}, {""value"": 4, ""dimension"": ""emprendedor"", ""answered_at"": ""2026-06-15T08:15:09.646"", ""question_id"": 5, ""question_order"": 5}, {""value"": 4, ""dimension"": ""convencional"", ""answered_at"": ""2026-06-15T08:15:15.453"", ""question_id"": 6, ""question_order"": 6}, {""value"": 4, ""dimension"": ""apertura"", ""answered_at"": ""2026-06-15T08:15:21.172"", ""question_id"": 7, ""question_order"": 7}, {""value"": 3, ""dimension"": ""responsabilidad"", ""answered_at"": ""2026-06-15T08:15:28.154"", ""question_id"": 8, ""question_order"": 8}, {""value"": 3, ""dimension"": ""extraversion"", ""answered_at"": ""2026-06-15T08:15:34.312"", ""question_id"": 9, ""question_order"": 9}, {""value"": 3, ""dimension"": ""amabilidad"", ""answered_at"": ""2026-06-15T08:15:39.613"", ""question_id"": 10, ""question_order"": 10}, {""value"": 3, ""dimension"": ""neuroticismo"", ""answered_at"": ""2026-06-15T08:15:47.481"", ""question_id"": 11, ""question_order"": 11}, {""value"": 4, ""dimension"": ""incertidumbre"", ""answered_at"": ""2026-06-15T08:15:53.829"", ""question_id"": 12, ""question_order"": 12}, {""value"": 4, ""dimension"": ""presion"", ""answered_at"": ""2026-06-15T08:15:59.723"", ""question_id"": 13, ""question_order"": 13}, {""value"": 4, ""dimension"": ""tolerancia"", ""answered_at"": ""2026-06-15T08:16:04.365"", ""question_id"": 14, ""question_order"": 14}]",,